home_team,away_team,home_points,away_points
Memphis Grizzlies,Sacramento Kings,118,108
Denver Nuggets,Boston Celtics,123,111
Milwaukee Bucks,Washington Wizards,95,118
New York Knicks,Phoenix Suns,102,83
Philadelphia 76ers,New Orleans Pelicans,120,111
Charlotte Hornets,Los Angeles Lakers,115,121
Indiana Pacers,Toronto Raptors,122,114
Cleveland Cavaliers,Chicago Bulls,145,134
Brooklyn Nets,San Antonio Spurs,139,103
Minnesota Timberwolves,Denver Nuggets,124,111
Houston Rockets,Dallas Mavericks,106,111
Portland Trail Blazers,Detroit Pistons,135,106
Golden State Warriors,Atlanta Hawks,143,141
LA Clippers,Miami Heat,100,110
Oklahoma City Thunder,Boston Celtics,150,117
Milwaukee Bucks,Washington Wizards,123,113
Utah Jazz,Sacramento Kings,115,117
Philadelphia 76ers,Indiana Pacers,129,126
Cleveland Cavaliers,Phoenix Suns,90,88
Charlotte Hornets,Memphis Grizzlies,107,131
Orlando Magic,Oklahoma City Thunder,126,115
New York Knicks,San Antonio Spurs,117,114
Toronto Raptors,Milwaukee Bucks,101,104
Minnesota Timberwolves,Portland Trail Blazers,113,106
New Orleans Pelicans,Houston Rockets,119,108
Chicago Bulls,Brooklyn Nets,121,112
Los Angeles Lakers,Miami Heat,112,109
Sacramento Kings,Atlanta Hawks,117,120
Golden State Warriors,Detroit Pistons,119,122
Orlando Magic,Memphis Grizzlies,115,123
Dallas Mavericks,Boston Celtics,95,124
Houston Rockets,Utah Jazz,114,131
Denver Nuggets,LA Clippers,122,91
Indiana Pacers,Portland Trail Blazers,108,99
Philadelphia 76ers,Chicago Bulls,112,126
New Orleans Pelicans,Brooklyn Nets,102,108
Toronto Raptors,New York Knicks,108,112
San Antonio Spurs,Detroit Pistons,121,109
Milwaukee Bucks,Charlotte Hornets,109,138
Oklahoma City Thunder,Washington Wizards,127,110
Minnesota Timberwolves,LA Clippers,128,115
Denver Nuggets,Cleveland Cavaliers,121,108
Phoenix Suns,Miami Heat,96,104
Los Angeles Lakers,Atlanta Hawks,130,114
San Antonio Spurs,Boston Celtics,116,121
Dallas Mavericks,New Orleans Pelicans,127,117
Chicago Bulls,Utah Jazz,126,118
Golden State Warriors,Orlando Magic,101,115
Sacramento Kings,Los Angeles Lakers,134,136
Detroit Pistons,Philadelphia 76ers,111,123
Toronto Raptors,Portland Trail Blazers,117,105
Indiana Pacers,Charlotte Hornets,116,111
Memphis Grizzlies,Utah Jazz,123,118
Miami Heat,Brooklyn Nets,101,102
Oklahoma City Thunder,Dallas Mavericks,120,109
Houston Rockets,Minnesota Timberwolves,96,104
Phoenix Suns,Cleveland Cavaliers,98,112
LA Clippers,Atlanta Hawks,108,112
Washington Wizards,New Orleans Pelicans,112,132
New York Knicks,Milwaukee Bucks,107,111
Boston Celtics,Chicago Bulls,107,99
Memphis Grizzlies,San Antonio Spurs,121,113
Denver Nuggets,Los Angeles Lakers,122,109
Sacramento Kings,Orlando Magic,136,111
Philadelphia 76ers,Detroit Pistons,147,116
Miami Heat,Oklahoma City Thunder,112,111
Toronto Raptors,Charlotte Hornets,132,120
Utah Jazz,Cleveland Cavaliers,116,114
Portland Trail Blazers,Orlando Magic,106,109
Golden State Warriors,Phoenix Suns,113,125
LA Clippers,Dallas Mavericks,113,101
Washington Wizards,Chicago Bulls,100,97
Detroit Pistons,Minnesota Timberwolves,135,118
New York Knicks,Indiana Pacers,119,113
Boston Celtics,New Orleans Pelicans,125,114
Atlanta Hawks,Milwaukee Bucks,105,114
Memphis Grizzlies,San Antonio Spurs,135,129
Denver Nuggets,Phoenix Suns,126,97
Sacramento Kings,Houston Rockets,135,115
Philadelphia 76ers,Oklahoma City Thunder,114,133
Toronto Raptors,Charlotte Hornets,124,114
Brooklyn Nets,Boston Celtics,98,109
Miami Heat,Milwaukee Bucks,108,102
Los Angeles Lakers,Dallas Mavericks,115,119
Portland Trail Blazers,Cleveland Cavaliers,113,119
Washington Wizards,New York Knicks,108,112
Detroit Pistons,New Orleans Pelicans,110,116
Indiana Pacers,Atlanta Hawks,111,113
San Antonio Spurs,Golden State Warriors,113,144
Minnesota Timberwolves,Phoenix Suns,121,116
Chicago Bulls,Oklahoma City Thunder,110,124
Utah Jazz,Orlando Magic,112,108
LA Clippers,Denver Nuggets,103,115
Sacramento Kings,Houston Rockets,139,114
Miami Heat,Milwaukee Bucks,111,95
Indiana Pacers,Memphis Grizzlies,112,130
Charlotte Hornets,Boston Celtics,106,122
Toronto Raptors,Atlanta Hawks,103,114
Minnesota Timberwolves,Cleveland Cavaliers,110,102
Utah Jazz,Philadelphia 76ers,117,118
Portland Trail Blazers,Dallas Mavericks,136,119
Detroit Pistons,New York Knicks,104,117
LA Clippers,Houston Rockets,121,100
Chicago Bulls,Golden State Warriors,132,118
Brooklyn Nets,Oklahoma City Thunder,102,112
San Antonio Spurs,Sacramento Kings,119,132
Denver Nuggets,Orlando Magic,119,116
Portland Trail Blazers,Dallas Mavericks,140,123
Los Angeles Lakers,Philadelphia 76ers,112,113
Charlotte Hornets,Boston Celtics,118,130
Milwaukee Bucks,Indiana Pacers,132,119
Washington Wizards,Golden State Warriors,118,127
New York Knicks,Toronto Raptors,121,123
Cleveland Cavaliers,New Orleans Pelicans,113,103
Atlanta Hawks,Miami Heat,121,113
Minnesota Timberwolves,Utah Jazz,125,126
Memphis Grizzlies,Phoenix Suns,136,106
Los Angeles Lakers,Houston Rockets,140,132
Milwaukee Bucks,Toronto Raptors,130,122
San Antonio Spurs,Brooklyn Nets,106,98
Denver Nuggets,Portland Trail Blazers,122,113
LA Clippers,Philadelphia 76ers,110,120
Dallas Mavericks,Atlanta Hawks,122,130
New York Knicks,Washington Wizards,105,116
Oklahoma City Thunder,Indiana Pacers,126,106
Memphis Grizzlies,Cleveland Cavaliers,115,114
New Orleans Pelicans,Miami Heat,98,124
Houston Rockets,Charlotte Hornets,117,122
Utah Jazz,LA Clippers,126,103
Denver Nuggets,Minnesota Timberwolves,122,118
Los Angeles Lakers,Sacramento Kings,111,116
Detroit Pistons,Chicago Bulls,108,126
Boston Celtics,Golden State Warriors,121,118
Minnesota Timberwolves,Toronto Raptors,128,126
Portland Trail Blazers,Philadelphia 76ers,95,105
Phoenix Suns,Brooklyn Nets,117,112
Orlando Magic,New Orleans Pelicans,123,110
Cleveland Cavaliers,Golden State Warriors,114,120
Dallas Mavericks,Miami Heat,115,90
Atlanta Hawks,New York Knicks,139,124
San Antonio Spurs,LA Clippers,126,131
Utah Jazz,Brooklyn Nets,106,117
Denver Nuggets,Indiana Pacers,134,111
Sacramento Kings,Oklahoma City Thunder,118,113
Los Angeles Lakers,Memphis Grizzlies,122,121
Toronto Raptors,Boston Celtics,104,106
Washington Wizards,Orlando Magic,138,118
Atlanta Hawks,Charlotte Hornets,118,122
Cleveland Cavaliers,Milwaukee Bucks,114,102
Minnesota Timberwolves,Houston Rockets,113,104
Phoenix Suns,Indiana Pacers,112,107
Sacramento Kings,Philadelphia 76ers,127,129
Dallas Mavericks,LA Clippers,98,112
Miami Heat,New Orleans Pelicans,100,96
Toronto Raptors,New York Knicks,125,116
Phoenix Suns,Memphis Grizzlies,112,110
Denver Nuggets,Oklahoma City Thunder,99,101
Golden State Warriors,Brooklyn Nets,116,120
Portland Trail Blazers,Los Angeles Lakers,112,121
Orlando Magic,Boston Celtics,113,98
Detroit Pistons,Milwaukee Bucks,130,150
Houston Rockets,Minnesota Timberwolves,119,114
Chicago Bulls,Atlanta Hawks,111,100
Utah Jazz,Charlotte Hornets,120,102
Portland Trail Blazers,San Antonio Spurs,147,127
Sacramento Kings,Memphis Grizzlies,133,100
Indiana Pacers,Chicago Bulls,116,110
Miami Heat,Boston Celtics,98,95
New York Knicks,Cleveland Cavaliers,105,103
New Orleans Pelicans,Denver Nuggets,98,99
Dallas Mavericks,Washington Wizards,126,127
Phoenix Suns,Charlotte Hornets,128,97
Los Angeles Lakers,LA Clippers,115,133
Orlando Magic,Indiana Pacers,126,120
Philadelphia 76ers,Brooklyn Nets,137,133
Houston Rockets,Washington Wizards,103,108
Milwaukee Bucks,Denver Nuggets,107,99
Oklahoma City Thunder,Atlanta Hawks,132,137
New Orleans Pelicans,Minnesota Timberwolves,102,111
Portland Trail Blazers,Utah Jazz,134,124
Sacramento Kings,Toronto Raptors,95,113
Golden State Warriors,Memphis Grizzlies,122,120
Los Angeles Lakers,San Antonio Spurs,113,104
Brooklyn Nets,Detroit Pistons,122,130
Boston Celtics,New York Knicks,117,120
Charlotte Hornets,Chicago Bulls,111,96
Houston Rockets,Cleveland Cavaliers,95,113
Phoenix Suns,Dallas Mavericks,95,99
LA Clippers,San Antonio Spurs,138,100
Indiana Pacers,Milwaukee Bucks,131,141
Minnesota Timberwolves,Memphis Grizzlies,111,100
Miami Heat,Orlando Magic,110,105
Oklahoma City Thunder,Cleveland Cavaliers,112,100
Golden State Warriors,Toronto Raptors,129,117
Philadelphia 76ers,Denver Nuggets,126,119
Brooklyn Nets,New York Knicks,122,115
Orlando Magic,Chicago Bulls,109,128
Detroit Pistons,Houston Rockets,114,117
Atlanta Hawks,LA Clippers,113,120
Minnesota Timberwolves,Sacramento Kings,117,110
San Antonio Spurs,Phoenix Suns,118,128
New Orleans Pelicans,Washington Wizards,103,113
Boston Celtics,Los Angeles Lakers,125,121
Utah Jazz,Dallas Mavericks,108,100
Portland Trail Blazers,Toronto Raptors,105,123
Charlotte Hornets,Miami Heat,122,117
Memphis Grizzlies,Indiana Pacers,112,100
Cleveland Cavaliers,LA Clippers,122,99
Milwaukee Bucks,New Orleans Pelicans,135,110
Philadelphia 76ers,Orlando Magic,109,119
Brooklyn Nets,Los Angeles Lakers,121,104
San Antonio Spurs,Washington Wizards,106,127
Minnesota Timberwolves,Sacramento Kings,111,118
Oklahoma City Thunder,Golden State Warriors,120,128
Dallas Mavericks,Detroit Pistons,111,105
Phoenix Suns,Toronto Raptors,114,106
Portland Trail Blazers,Atlanta Hawks,129,125
Cleveland Cavaliers,Miami Heat,97,100
New York Knicks,Los Angeles Lakers,123,129
Chicago Bulls,LA Clippers,103,108
Milwaukee Bucks,Charlotte Hornets,124,115
Denver Nuggets,New Orleans Pelicans,122,113
Philadelphia 76ers,Orlando Magic,105,94
Detroit Pistons,Washington Wizards,N/A,N/A
Memphis Grizzlies,Portland Trail Blazers,112,122
Boston Celtics,Brooklyn Nets,139,96
Minnesota Timberwolves,Golden State Warriors,119,114
Houston Rockets,Oklahoma City Thunder,112,106
San Antonio Spurs,Sacramento Kings,109,119
Utah Jazz,Toronto Raptors,131,128
Phoenix Suns,Atlanta Hawks,100,132
Indiana Pacers,Los Angeles Lakers,111,112
New York Knicks,Miami Heat,106,104
Cleveland Cavaliers,Memphis Grizzlies,128,113
Chicago Bulls,Charlotte Hornets,114,98
Dallas Mavericks,New Orleans Pelicans,111,106
Denver Nuggets,Golden State Warriors,134,117
Milwaukee Bucks,LA Clippers,106,105
Detroit Pistons,Charlotte Hornets,118,112
Washington Wizards,Portland Trail Blazers,116,124
Indiana Pacers,Sacramento Kings,107,104
Boston Celtics,Phoenix Suns,94,106
San Antonio Spurs,Philadelphia 76ers,125,137
Minnesota Timberwolves,Orlando Magic,120,127
Houston Rockets,Toronto Raptors,111,117
Utah Jazz,Atlanta Hawks,108,115
New Orleans Pelicans,Los Angeles Lakers,131,126
Brooklyn Nets,Washington Wizards,125,123
Detroit Pistons,Phoenix Suns,100,116
New York Knicks,LA Clippers,128,134
Chicago Bulls,Portland Trail Blazers,129,121
Oklahoma City Thunder,Houston Rockets,153,121
Milwaukee Bucks,Miami Heat,123,115
Golden State Warriors,Dallas Mavericks,119,113
Denver Nuggets,Atlanta Hawks,128,108
Charlotte Hornets,Orlando Magic,113,119
Indiana Pacers,Cleveland Cavaliers,103,122
New York Knicks,Philadelphia 76ers,108,97
Memphis Grizzlies,Toronto Raptors,103,106
New Orleans Pelicans,Sacramento Kings,136,104
Minnesota Timberwolves,Denver Nuggets,128,98
Detroit Pistons,Boston Celtics,99,111
Washington Wizards,Cleveland Cavaliers,91,114
Brooklyn Nets,LA Clippers,116,124
Chicago Bulls,San Antonio Spurs,128,104
Houston Rockets,Sacramento Kings,120,140
Utah Jazz,Dallas Mavericks,111,124
Golden State Warriors,Oklahoma City Thunder,141,114
Portland Trail Blazers,Milwaukee Bucks,108,127
Orlando Magic,New York Knicks,98,102
New Orleans Pelicans,Atlanta Hawks,116,107
Brooklyn Nets,Phoenix Suns,112,116
Memphis Grizzlies,Chicago Bulls,104,89
Denver Nuggets,Minnesota Timberwolves,146,112
Los Angeles Lakers,Oklahoma City Thunder,130,133
Washington Wizards,Charlotte Hornets,118,104
Cleveland Cavaliers,Detroit Pistons,113,85
Boston Celtics,Philadelphia 76ers,106,99
Toronto Raptors,San Antonio Spurs,112,98
Miami Heat,Indiana Pacers,116,111
Houston Rockets,Sacramento Kings,128,130
Utah Jazz,Minnesota Timberwolves,118,143
LA Clippers,Dallas Mavericks,104,110
Portland Trail Blazers,Golden State Warriors,125,122
Orlando Magic,Denver Nuggets,115,104
Atlanta Hawks,Phoenix Suns,116,107
Brooklyn Nets,Chicago Bulls,116,105
Los Angeles Lakers,Milwaukee Bucks,106,115
Indiana Pacers,Phoenix Suns,104,117
Philadelphia 76ers,New York Knicks,119,108
Detroit Pistons,San Antonio Spurs,138,131
Toronto Raptors,Utah Jazz,116,122
Boston Celtics,Charlotte Hornets,127,116
Miami Heat,Houston Rockets,97,95
Memphis Grizzlies,Minnesota Timberwolves,128,107
New Orleans Pelicans,Cleveland Cavaliers,107,118
Portland Trail Blazers,Oklahoma City Thunder,129,138
Sacramento Kings,Dallas Mavericks,114,122
LA Clippers,Milwaukee Bucks,106,119
Brooklyn Nets,Philadelphia 76ers,98,101
Charlotte Hornets,Denver Nuggets,105,119
Washington Wizards,Indiana Pacers,127,113
Orlando Magic,Miami Heat,103,107
New York Knicks,Utah Jazz,126,120
Atlanta Hawks,San Antonio Spurs,125,106
Cleveland Cavaliers,Chicago Bulls,97,89
Golden State Warriors,Los Angeles Lakers,103,109
Sacramento Kings,Dallas Mavericks,133,128
Boston Celtics,Memphis Grizzlies,119,109
Toronto Raptors,Detroit Pistons,119,118
Charlotte Hornets,Atlanta Hawks,144,138
Cleveland Cavaliers,San Antonio Spurs,117,109
Philadelphia 76ers,Houston Rockets,123,104
Indiana Pacers,Utah Jazz,117,123
New York Knicks,Brooklyn Nets,124,106
Miami Heat,Denver Nuggets,108,112
Chicago Bulls,Orlando Magic,91,100
Oklahoma City Thunder,New Orleans Pelicans,100,103
Dallas Mavericks,Minnesota Timberwolves,121,124
Portland Trail Blazers,Los Angeles Lakers,127,115
Golden State Warriors,Washington Wizards,135,126
Milwaukee Bucks,Boston Celtics,131,125
Toronto Raptors,Orlando Magic,123,113
Phoenix Suns,Sacramento Kings,120,109
Portland Trail Blazers,Washington Wizards,101,126
LA Clippers,Golden State Warriors,134,124
Indiana Pacers,Chicago Bulls,117,113
Charlotte Hornets,San Antonio Spurs,120,110
Atlanta Hawks,New York Knicks,101,122
Brooklyn Nets,Miami Heat,116,105
Boston Celtics,Detroit Pistons,127,109
Philadelphia 76ers,Cleveland Cavaliers,118,112
Oklahoma City Thunder,Houston Rockets,133,96
Memphis Grizzlies,Utah Jazz,117,111
Denver Nuggets,Dallas Mavericks,118,109
Los Angeles Lakers,New Orleans Pelicans,120,102
Chicago Bulls,Milwaukee Bucks,100,112
Minnesota Timberwolves,Washington Wizards,106,114
Phoenix Suns,LA Clippers,107,116
Team Deron,Team Pau,25,40
Team Jason,Team Joakim,32,40
Team Pau,Team Joakim,25,20
Team LeBron,Team Giannis,175,184
Indiana Pacers,Boston Celtics,138,142
Orlando Magic,Detroit Pistons,108,106
Cleveland Cavaliers,Denver Nuggets,109,115
Philadelphia 76ers,Memphis Grizzlies,110,105
Toronto Raptors,New Orleans Pelicans,115,110
Dallas Mavericks,San Antonio Spurs,142,116
Utah Jazz,Oklahoma City Thunder,120,119
Los Angeles Lakers,Golden State Warriors,124,111
Sacramento Kings,Portland Trail Blazers,133,116
Washington Wizards,New York Knicks,109,115
Milwaukee Bucks,Miami Heat,128,99
Atlanta Hawks,Cleveland Cavaliers,136,119
Chicago Bulls,Brooklyn Nets,131,87
Minnesota Timberwolves,Charlotte Hornets,113,121
Golden State Warriors,Houston Rockets,116,101
Phoenix Suns,Oklahoma City Thunder,124,115
LA Clippers,Sacramento Kings,175,176
Detroit Pistons,Toronto Raptors,91,95
Orlando Magic,Indiana Pacers,108,121
Charlotte Hornets,Miami Heat,108,103
New York Knicks,New Orleans Pelicans,128,106
Memphis Grizzlies,Denver Nuggets,112,94
Philadelphia 76ers,Boston Celtics,107,110
Utah Jazz,San Antonio Spurs,118,102
Milwaukee Bucks,Phoenix Suns,104,101
Atlanta Hawks,Brooklyn Nets,129,127
Dallas Mavericks,Los Angeles Lakers,108,111
Chicago Bulls,Washington Wizards,102,82
Cleveland Cavaliers,Toronto Raptors,118,93
Oklahoma City Thunder,Sacramento Kings,115,124
Golden State Warriors,Minnesota Timberwolves,109,104
Portland Trail Blazers,Houston Rockets,131,114
Denver Nuggets,LA Clippers,134,124
Charlotte Hornets,Detroit Pistons,117,106
Philadelphia 76ers,Miami Heat,99,101
New York Knicks,Boston Celtics,109,94
New Orleans Pelicans,Orlando Magic,93,101
Toronto Raptors,Chicago Bulls,104,98
Atlanta Hawks,Washington Wizards,116,119
Brooklyn Nets,Milwaukee Bucks,104,118
Memphis Grizzlies,Los Angeles Lakers,121,109
Houston Rockets,Denver Nuggets,112,133
Oklahoma City Thunder,Sacramento Kings,117,123
Dallas Mavericks,Indiana Pacers,122,124
Utah Jazz,San Antonio Spurs,94,102
LA Clippers,Minnesota Timberwolves,101,108
Golden State Warriors,Portland Trail Blazers,123,105
Detroit Pistons,Chicago Bulls,115,117
Charlotte Hornets,Phoenix Suns,91,105
New York Knicks,Brooklyn Nets,142,118
Miami Heat,Philadelphia 76ers,96,119
Boston Celtics,Cleveland Cavaliers,117,113
Milwaukee Bucks,Orlando Magic,139,117
Houston Rockets,Memphis Grizzlies,99,113
Oklahoma City Thunder,Los Angeles Lakers,117,123
Portland Trail Blazers,New Orleans Pelicans,110,121
Washington Wizards,Toronto Raptors,119,108
Dallas Mavericks,Philadelphia 76ers,133,126
San Antonio Spurs,Indiana Pacers,110,99
Golden State Warriors,LA Clippers,115,91
Charlotte Hornets,Orlando Magic,106,117
Atlanta Hawks,Portland Trail Blazers,129,111
Boston Celtics,Brooklyn Nets,105,115
Miami Heat,New York Knicks,120,122
Chicago Bulls,Phoenix Suns,104,125
Oklahoma City Thunder,Utah Jazz,130,103
Sacramento Kings,LA Clippers,128,127
Denver Nuggets,Memphis Grizzlies,113,97
Golden State Warriors,New Orleans Pelicans,108,99
Los Angeles Lakers,Minnesota Timberwolves,102,110
Washington Wizards,Toronto Raptors,109,116
Cleveland Cavaliers,Detroit Pistons,114,90
San Antonio Spurs,Houston Rockets,110,122
Miami Heat,Atlanta Hawks,117,109
Milwaukee Bucks,Philadelphia 76ers,130,133
Sacramento Kings,Minnesota Timberwolves,134,138
Dallas Mavericks,Phoenix Suns,126,130
Chicago Bulls,Indiana Pacers,122,125
Los Angeles Lakers,Golden State Warriors,113,105
Brooklyn Nets,Charlotte Hornets,102,86
Orlando Magic,Portland Trail Blazers,119,122
Oklahoma City Thunder,Utah Jazz,129,119
Houston Rockets,San Antonio Spurs,142,110
Washington Wizards,Milwaukee Bucks,111,117
Boston Celtics,New York Knicks,129,131
LA Clippers,Memphis Grizzlies,135,129
Cleveland Cavaliers,Boston Celtics,118,114
Detroit Pistons,Portland Trail Blazers,104,110
Indiana Pacers,Philadelphia 76ers,143,147
Miami Heat,Atlanta Hawks,130,128
Denver Nuggets,Toronto Raptors,118,113
Sacramento Kings,New Orleans Pelicans,123,108
Orlando Magic,Milwaukee Bucks,123,134
Detroit Pistons,Washington Wizards,117,119
Minnesota Timberwolves,Philadelphia 76ers,94,117
New York Knicks,Charlotte Hornets,105,112
Houston Rockets,Brooklyn Nets,96,118
Oklahoma City Thunder,Golden State Warriors,137,128
Dallas Mavericks,Utah Jazz,120,116
Los Angeles Lakers,Memphis Grizzlies,112,103
Washington Wizards,Atlanta Hawks,120,122
Miami Heat,Cleveland Cavaliers,100,104
New Orleans Pelicans,Dallas Mavericks,113,106
Boston Celtics,Portland Trail Blazers,115,93
Denver Nuggets,Chicago Bulls,96,117
Phoenix Suns,Oklahoma City Thunder,132,101
LA Clippers,Toronto Raptors,108,100
Indiana Pacers,Houston Rockets,134,125
Detroit Pistons,Charlotte Hornets,103,113
Orlando Magic,Utah Jazz,124,131
Memphis Grizzlies,Golden State Warriors,131,110
Milwaukee Bucks,Brooklyn Nets,118,113
Sacramento Kings,New York Knicks,122,117
Philadelphia 76ers,Portland Trail Blazers,120,119
Washington Wizards,Atlanta Hawks,107,114
Minnesota Timberwolves,Brooklyn Nets,123,124
Miami Heat,Cleveland Cavaliers,119,115
San Antonio Spurs,Denver Nuggets,128,120
Los Angeles Lakers,Toronto Raptors,122,112
LA Clippers,New York Knicks,106,95
Charlotte Hornets,Utah Jazz,111,119
Detroit Pistons,Indiana Pacers,115,121
Orlando Magic,Miami Heat,126,114
Atlanta Hawks,Boston Celtics,125,134
Houston Rockets,Chicago Bulls,111,119
Memphis Grizzlies,Dallas Mavericks,112,108
Golden State Warriors,Milwaukee Bucks,125,116
New Orleans Pelicans,Oklahoma City Thunder,96,110
Phoenix Suns,Sacramento Kings,119,128
Denver Nuggets,Brooklyn Nets,120,122
Charlotte Hornets,Cleveland Cavaliers,108,114
Philadelphia 76ers,Washington Wizards,112,93
New Orleans Pelicans,Portland Trail Blazers,127,110
San Antonio Spurs,Oklahoma City Thunder,90,102
Los Angeles Lakers,New York Knicks,108,112
Detroit Pistons,Indiana Pacers,117,97
Dallas Mavericks,Memphis Grizzlies,88,104
Miami Heat,Utah Jazz,119,115
Atlanta Hawks,Minnesota Timberwolves,115,136
Houston Rockets,Boston Celtics,111,109
Golden State Warriors,Phoenix Suns,123,112
Sacramento Kings,Milwaukee Bucks,124,133
Charlotte Hornets,Cleveland Cavaliers,104,120
Washington Wizards,Detroit Pistons,117,97
Toronto Raptors,Denver Nuggets,125,110
San Antonio Spurs,Orlando Magic,132,114
New Orleans Pelicans,Los Angeles Lakers,108,123
Oklahoma City Thunder,Brooklyn Nets,121,107
Portland Trail Blazers,New York Knicks,107,123
Phoenix Suns,Milwaukee Bucks,104,116
Cleveland Cavaliers,Philadelphia 76ers,109,118
Miami Heat,Memphis Grizzlies,138,119
Minnesota Timberwolves,Boston Celtics,102,104
Chicago Bulls,Sacramento Kings,114,117
Houston Rockets,Los Angeles Lakers,114,110
San Antonio Spurs,Dallas Mavericks,128,137
LA Clippers,Golden State Warriors,134,126
Detroit Pistons,Denver Nuggets,100,119
Brooklyn Nets,Sacramento Kings,96,101
Toronto Raptors,Oklahoma City Thunder,128,111
Milwaukee Bucks,Indiana Pacers,123,139
Phoenix Suns,Orlando Magic,116,113
Charlotte Hornets,Philadelphia 76ers,82,121
Atlanta Hawks,Golden State Warriors,127,119
Cleveland Cavaliers,Washington Wizards,117,94
Houston Rockets,New Orleans Pelicans,114,112
San Antonio Spurs,Memphis Grizzlies,120,126
Chicago Bulls,Minnesota Timberwolves,139,131
Portland Trail Blazers,Boston Celtics,112,126
Los Angeles Lakers,Dallas Mavericks,110,111
New York Knicks,Denver Nuggets,116,110
LA Clippers,Orlando Magic,108,113
Indiana Pacers,Philadelphia 76ers,121,141
Toronto Raptors,Minnesota Timberwolves,122,107
Washington Wizards,Sacramento Kings,118,132
Memphis Grizzlies,Golden State Warriors,133,119
Chicago Bulls,Miami Heat,113,99
Utah Jazz,Boston Celtics,118,117
Brooklyn Nets,Denver Nuggets,102,108
Oklahoma City Thunder,Phoenix Suns,124,120
San Antonio Spurs,Atlanta Hawks,126,118
Detroit Pistons,Miami Heat,100,112
Houston Rockets,New Orleans Pelicans,107,117
Milwaukee Bucks,Toronto Raptors,118,111
Portland Trail Blazers,LA Clippers,102,117
Los Angeles Lakers,Orlando Magic,111,105
Charlotte Hornets,Indiana Pacers,115,109
Philadelphia 76ers,Chicago Bulls,105,109
New York Knicks,Minnesota Timberwolves,134,140
Houston Rockets,Golden State Warriors,108,121
Memphis Grizzlies,Dallas Mavericks,112,108
Utah Jazz,Sacramento Kings,128,120
Orlando Magic,Washington Wizards,122,112
Atlanta Hawks,Detroit Pistons,129,107
Brooklyn Nets,Cleveland Cavaliers,109,115
New Orleans Pelicans,San Antonio Spurs,119,84
Sacramento Kings,Boston Celtics,109,132
LA Clippers,Oklahoma City Thunder,100,101
Washington Wizards,Denver Nuggets,104,118
Dallas Mavericks,Golden State Warriors,125,127
Toronto Raptors,Indiana Pacers,114,118
Miami Heat,New York Knicks,127,120
Milwaukee Bucks,San Antonio Spurs,130,94
Memphis Grizzlies,Houston Rockets,130,125
Chicago Bulls,Philadelphia 76ers,91,116
Minnesota Timberwolves,Atlanta Hawks,125,124
Utah Jazz,Portland Trail Blazers,115,127
Los Angeles Lakers,Phoenix Suns,122,111
Orlando Magic,New York Knicks,111,106
Brooklyn Nets,Cleveland Cavaliers,114,116
New Orleans Pelicans,Charlotte Hornets,115,96
LA Clippers,Oklahoma City Thunder,127,105
Washington Wizards,San Antonio Spurs,136,124
Boston Celtics,Indiana Pacers,120,95
Toronto Raptors,Detroit Pistons,118,97
Memphis Grizzlies,Houston Rockets,151,114
Dallas Mavericks,Charlotte Hornets,109,117
Utah Jazz,Milwaukee Bucks,116,144
Golden State Warriors,Philadelphia 76ers,120,112
Sacramento Kings,Phoenix Suns,135,127
Portland Trail Blazers,Chicago Bulls,96,124
Los Angeles Lakers,Oklahoma City Thunder,116,111
Atlanta Hawks,Indiana Pacers,143,130
Miami Heat,Brooklyn Nets,100,129
Denver Nuggets,Milwaukee Bucks,129,106
Sacramento Kings,Utah Jazz,121,113
Phoenix Suns,Philadelphia 76ers,125,105
LA Clippers,New Orleans Pelicans,110,131
Charlotte Hornets,Dallas Mavericks,110,104
Los Angeles Lakers,Chicago Bulls,108,118
Cleveland Cavaliers,Houston Rockets,108,91
Toronto Raptors,Washington Wizards,114,104
Boston Celtics,San Antonio Spurs,137,93
Atlanta Hawks,Memphis Grizzlies,119,123
Orlando Magic,Brooklyn Nets,119,106
Portland Trail Blazers,Oklahoma City Thunder,112,118
Golden State Warriors,Minnesota Timberwolves,96,99
Indiana Pacers,Dallas Mavericks,104,127
Detroit Pistons,Milwaukee Bucks,117,126
New York Knicks,Houston Rockets,137,115
Utah Jazz,Phoenix Suns,103,117
Denver Nuggets,Philadelphia 76ers,116,111
Portland Trail Blazers,New Orleans Pelicans,90,124
Sacramento Kings,Minnesota Timberwolves,115,119
LA Clippers,Chicago Bulls,124,112
Washington Wizards,Boston Celtics,130,111
Atlanta Hawks,Cleveland Cavaliers,120,118
Toronto Raptors,Miami Heat,106,92
Memphis Grizzlies,Orlando Magic,113,108
Oklahoma City Thunder,Charlotte Hornets,134,137
Golden State Warriors,New Orleans Pelicans,120,109
Indiana Pacers,Milwaukee Bucks,136,149
Brooklyn Nets,Houston Rockets,123,114
Philadelphia 76ers,Dallas Mavericks,116,108
New York Knicks,Miami Heat,101,92
Chicago Bulls,Los Angeles Lakers,110,121
San Antonio Spurs,Utah Jazz,117,128
Memphis Grizzlies,LA Clippers,132,141
Oklahoma City Thunder,Detroit Pistons,107,106
Portland Trail Blazers,Sacramento Kings,80,120
Phoenix Suns,Minnesota Timberwolves,107,100
Milwaukee Bucks,Boston Celtics,99,140
Denver Nuggets,New Orleans Pelicans,88,107
Charlotte Hornets,Chicago Bulls,91,121
Philadelphia 76ers,Toronto Raptors,117,110
Washington Wizards,Orlando Magic,109,116
Indiana Pacers,Oklahoma City Thunder,121,117
Cleveland Cavaliers,New York Knicks,116,130
Brooklyn Nets,Atlanta Hawks,124,107
Boston Celtics,Utah Jazz,122,114
Minnesota Timberwolves,Los Angeles Lakers,111,123
Houston Rockets,Detroit Pistons,121,115
Memphis Grizzlies,LA Clippers,108,94
Portland Trail Blazers,Sacramento Kings,114,138
Golden State Warriors,San Antonio Spurs,130,115
Phoenix Suns,Denver Nuggets,100,93
Miami Heat,Dallas Mavericks,129,122
New Orleans Pelicans,LA Clippers,122,114
Charlotte Hornets,Toronto Raptors,108,128
Minnesota Timberwolves,Portland Trail Blazers,105,107
Brooklyn Nets,Utah Jazz,111,110
Chicago Bulls,Memphis Grizzlies,128,107
New York Knicks,Washington Wizards,118,109
Orlando Magic,Detroit Pistons,128,102
Sacramento Kings,San Antonio Spurs,134,142
Atlanta Hawks,Dallas Mavericks,132,130
Houston Rockets,Los Angeles Lakers,109,134
Oklahoma City Thunder,Phoenix Suns,118,128
Cleveland Cavaliers,Indiana Pacers,115,105
Milwaukee Bucks,Philadelphia 76ers,117,104
Denver Nuggets,Golden State Warriors,112,110
Orlando Magic,Cleveland Cavaliers,113,117
Charlotte Hornets,Toronto Raptors,100,120
Washington Wizards,Milwaukee Bucks,128,140
Detroit Pistons,Miami Heat,105,118
Brooklyn Nets,Minnesota Timberwolves,102,107
Houston Rockets,Denver Nuggets,124,103
Chicago Bulls,Atlanta Hawks,105,123
Memphis Grizzlies,Portland Trail Blazers,119,109
Philadelphia 76ers,Boston Celtics,103,101
New Orleans Pelicans,Sacramento Kings,103,121
Utah Jazz,Los Angeles Lakers,133,135
Golden State Warriors,Oklahoma City Thunder,136,125
Phoenix Suns,San Antonio Spurs,115,94
Indiana Pacers,New York Knicks,129,138
Detroit Pistons,Brooklyn Nets,108,123
Atlanta Hawks,Washington Wizards,134,116
Milwaukee Bucks,Chicago Bulls,105,92
Boston Celtics,Toronto Raptors,97,93
New Orleans Pelicans,Memphis Grizzlies,138,131
Dallas Mavericks,Sacramento Kings,123,119
LA Clippers,Los Angeles Lakers,125,118
Orlando Magic,Cleveland Cavaliers,94,118
Philadelphia 76ers,Miami Heat,101,129
San Antonio Spurs,Portland Trail Blazers,129,127
Utah Jazz,Oklahoma City Thunder,98,114
Phoenix Suns,Denver Nuggets,119,115
Charlotte Hornets,Houston Rockets,109,112
Washington Wizards,Miami Heat,114,108
Indiana Pacers,Detroit Pistons,115,122
Brooklyn Nets,Orlando Magic,101,84
Boston Celtics,Toronto Raptors,121,102
Atlanta Hawks,Philadelphia 76ers,131,136
Milwaukee Bucks,Memphis Grizzlies,114,137
New Orleans Pelicans,New York Knicks,113,105
Dallas Mavericks,Chicago Bulls,112,115
Sacramento Kings,Golden State Warriors,97,119
Los Angeles Lakers,Phoenix Suns,121,107
Utah Jazz,Denver Nuggets,118,114
LA Clippers,Portland Trail Blazers,136,125
San Antonio Spurs,Minnesota Timberwolves,131,151
New York Knicks,Indiana Pacers,136,141
Cleveland Cavaliers,Charlotte Hornets,95,106
Toronto Raptors,Milwaukee Bucks,121,105
Washington Wizards,Houston Rockets,109,114
Brooklyn Nets,Philadelphia 76ers,105,134
Boston Celtics,Atlanta Hawks,120,114
Chicago Bulls,Detroit Pistons,103,81
Miami Heat,Orlando Magic,123,110
Los Angeles Lakers,Utah Jazz,128,117
Dallas Mavericks,San Antonio Spurs,117,138
Oklahoma City Thunder,Memphis Grizzlies,115,100
Denver Nuggets,Sacramento Kings,109,95
Phoenix Suns,LA Clippers,114,119
Portland Trail Blazers,Golden State Warriors,101,157
Minnesota Timberwolves,New Orleans Pelicans,113,108
Miami Heat,Atlanta Hawks,105,116
Los Angeles Lakers,Minnesota Timberwolves,108,102
Toronto Raptors,Chicago Bulls,105,109
New Orleans Pelicans,Oklahoma City Thunder,118,123
Miami Heat,Chicago Bulls,102,91
Minnesota Timberwolves,Oklahoma City Thunder,120,95
Philadelphia 76ers,Brooklyn Nets,121,101
Boston Celtics,Atlanta Hawks,112,99
Cleveland Cavaliers,New York Knicks,97,101
Sacramento Kings,Golden State Warriors,126,123
Memphis Grizzlies,Los Angeles Lakers,112,128
Milwaukee Bucks,Miami Heat,117,130
Phoenix Suns,LA Clippers,110,115
Denver Nuggets,Minnesota Timberwolves,109,80
Philadelphia 76ers,Brooklyn Nets,96,84
Sacramento Kings,Golden State Warriors,114,106
Boston Celtics,Atlanta Hawks,119,106
Cleveland Cavaliers,New York Knicks,107,90
Phoenix Suns,LA Clippers,123,109
Memphis Grizzlies,Los Angeles Lakers,103,93
Milwaukee Bucks,Miami Heat,138,122
Denver Nuggets,Minnesota Timberwolves,122,113
Brooklyn Nets,Philadelphia 76ers,97,102
Golden State Warriors,Sacramento Kings,114,97
LA Clippers,Phoenix Suns,124,129
Atlanta Hawks,Boston Celtics,130,122
New York Knicks,Cleveland Cavaliers,99,79
Minnesota Timberwolves,Denver Nuggets,111,120
Brooklyn Nets,Philadelphia 76ers,88,96
LA Clippers,Phoenix Suns,100,112
Miami Heat,Milwaukee Bucks,121,99
Los Angeles Lakers,Memphis Grizzlies,111,101
New York Knicks,Cleveland Cavaliers,102,93
Golden State Warriors,Sacramento Kings,126,125
Atlanta Hawks,Boston Celtics,121,129
Minnesota Timberwolves,Denver Nuggets,114,108
Philadelphia 76ers,Brooklyn Nets,N/A,N/A
Miami Heat,Milwaukee Bucks,119,114
Los Angeles Lakers,Memphis Grizzlies,117,111
Boston Celtics,Atlanta Hawks,117,119
Denver Nuggets,Minnesota Timberwolves,112,109
Phoenix Suns,LA Clippers,136,130
Cleveland Cavaliers,New York Knicks,95,106
Memphis Grizzlies,Los Angeles Lakers,116,99
Milwaukee Bucks,Miami Heat,126,128
Sacramento Kings,Golden State Warriors,116,123
Brooklyn Nets,Philadelphia 76ers,N/A,N/A
Minnesota Timberwolves,Denver Nuggets,N/A,N/A
LA Clippers,Phoenix Suns,N/A,N/A
Atlanta Hawks,Boston Celtics,120,128
New York Knicks,Cleveland Cavaliers,N/A,N/A
Miami Heat,Milwaukee Bucks,N/A,N/A
Golden State Warriors,Sacramento Kings,99,118
Los Angeles Lakers,Memphis Grizzlies,125,85
Denver Nuggets,Minnesota Timberwolves,N/A,N/A
Phoenix Suns,LA Clippers,N/A,N/A
Philadelphia 76ers,Brooklyn Nets,N/A,N/A
Boston Celtics,Atlanta Hawks,N/A,N/A
Denver Nuggets,Phoenix Suns,125,107
Cleveland Cavaliers,New York Knicks,N/A,N/A
New York Knicks,Miami Heat,101,108
Memphis Grizzlies,Los Angeles Lakers,N/A,N/A
Milwaukee Bucks,Miami Heat,N/A,N/A
Sacramento Kings,Golden State Warriors,100,120
Boston Celtics,Philadelphia 76ers,115,119
Denver Nuggets,Phoenix Suns,97,87
New York Knicks,Miami Heat,111,105
Golden State Warriors,Los Angeles Lakers,112,117
Boston Celtics,Philadelphia 76ers,121,87
Golden State Warriors,Los Angeles Lakers,127,100
Philadelphia 76ers,Boston Celtics,102,114
Phoenix Suns,Denver Nuggets,121,114
Miami Heat,New York Knicks,105,86
Los Angeles Lakers,Golden State Warriors,127,97
Philadelphia 76ers,Boston Celtics,116,115
Phoenix Suns,Denver Nuggets,129,124
Miami Heat,New York Knicks,109,101
Los Angeles Lakers,Golden State Warriors,104,101
Boston Celtics,Philadelphia 76ers,103,115
Denver Nuggets,Phoenix Suns,118,102
New York Knicks,Miami Heat,112,103
Golden State Warriors,Los Angeles Lakers,121,106
Philadelphia 76ers,Boston Celtics,86,95
Phoenix Suns,Denver Nuggets,100,125
Miami Heat,New York Knicks,96,92
Los Angeles Lakers,Golden State Warriors,122,101
Golden State Warriors,Los Angeles Lakers,N/A,N/A
Denver Nuggets,Phoenix Suns,N/A,N/A
Boston Celtics,Philadelphia 76ers,112,88
New York Knicks,Miami Heat,N/A,N/A
Denver Nuggets,Los Angeles Lakers,132,126
Boston Celtics,Miami Heat,116,123
Denver Nuggets,Los Angeles Lakers,108,103
Boston Celtics,Miami Heat,105,111
Los Angeles Lakers,Denver Nuggets,108,119
Miami Heat,Boston Celtics,128,102
Los Angeles Lakers,Denver Nuggets,111,113
Miami Heat,Boston Celtics,99,116
Denver Nuggets,Los Angeles Lakers,N/A,N/A
Boston Celtics,Miami Heat,110,97
Los Angeles Lakers,Denver Nuggets,N/A,N/A
Miami Heat,Boston Celtics,103,104
Denver Nuggets,Los Angeles Lakers,N/A,N/A
Boston Celtics,Miami Heat,84,103
Denver Nuggets,Miami Heat,104,93
Denver Nuggets,Miami Heat,108,111
Miami Heat,Denver Nuggets,94,109
Miami Heat,Denver Nuggets,95,108
Denver Nuggets,Miami Heat,94,89
Miami Heat,Denver Nuggets,N/A,N/A
Denver Nuggets,Miami Heat,N/A,N/A
Minnesota Timberwolves,Dallas Mavericks,111,99
Dallas Mavericks,Minnesota Timberwolves,96,104
Golden State Warriors,Los Angeles Lakers,125,108
Milwaukee Bucks,Chicago Bulls,105,102
Detroit Pistons,Phoenix Suns,126,130
Boston Celtics,Philadelphia 76ers,114,106
Toronto Raptors,Sacramento Kings,112,99
Memphis Grizzlies,Indiana Pacers,127,122
LA Clippers,Utah Jazz,96,101
New York Knicks,Boston Celtics,114,107
Oklahoma City Thunder,San Antonio Spurs,122,121
Los Angeles Lakers,Brooklyn Nets,129,126
Madrid Baloncesto,Dallas Mavericks,127,123
Washington Wizards,Cairns Taipans,145,82
Miami Heat,Charlotte Hornets,113,109
Atlanta Hawks,Cleveland Cavaliers,108,107
New Orleans Pelicans,Orlando Magic,105,122
Memphis Grizzlies,Milwaukee Bucks,108,102
Houston Rockets,Indiana Pacers,122,103
Phoenix Suns,Denver Nuggets,107,115
Portland Trail Blazers,New Zealand Breakers,106,66
LA Clippers,Utah Jazz,103,98
Philadelphia 76ers,Boston Celtics,101,112
Los Angeles Lakers,Sacramento Kings,109,101
Cleveland Cavaliers,Orlando Magic,105,108
Oklahoma City Thunder,Detroit Pistons,125,128
Washington Wizards,Charlotte Hornets,98,92
Atlanta Hawks,Memphis Grizzlies,103,102
Brooklyn Nets,Maccabi Ra'anana,135,103
New Orleans Pelicans,Houston Rockets,87,120
Chicago Bulls,Denver Nuggets,133,124
Portland Trail Blazers,Phoenix Suns,111,122
San Antonio Spurs,Miami Heat,120,104
Los Angeles Lakers,Golden State Warriors,125,129
Atlanta Hawks,New Orleans Pelicans,110,105
New York Knicks,Minnesota Timberwolves,112,121
Utah Jazz,Portland Trail Blazers,138,133
Charlotte Hornets,Oklahoma City Thunder,117,115
Toronto Raptors,Cairns Taipans,134,93
Miami Heat,Memphis Grizzlies,132,124
Los Angeles Lakers,Milwaukee Bucks,97,108
Denver Nuggets,Chicago Bulls,116,102
Sacramento Kings,Golden State Warriors,115,121
Cleveland Cavaliers,Maccabi Ra'anana,120,89
Indiana Pacers,Atlanta Hawks,116,112
Brooklyn Nets,Philadelphia 76ers,119,127
San Antonio Spurs,Houston Rockets,89,99
Utah Jazz,New Zealand Breakers,114,94
Phoenix Suns,Portland Trail Blazers,117,106
Orlando Magic,New Orleans Pelicans,92,104
Boston Celtics,New York Knicks,123,110
Oklahoma City Thunder,Milwaukee Bucks,124,101
Chicago Bulls,Toronto Raptors,102,106
Minnesota Timberwolves,Maccabi Ra'anana,138,111
LA Clippers,Denver Nuggets,116,103
New York Knicks,Washington Wizards,106,131
Miami Heat,Brooklyn Nets,104,107
San Antonio Spurs,Houston Rockets,117,103
Golden State Warriors,Sacramento Kings,116,115
Charlotte Hornets,Boston Celtics,99,127
Chicago Bulls,Minnesota Timberwolves,105,114
Oklahoma City Thunder,Detroit Pistons,116,118
Los Angeles Lakers,Phoenix Suns,100,123
Sacramento Kings,Utah Jazz,116,113
LA Clippers,Denver Nuggets,90,103
Orlando Magic,Flamengo Flamengo,109,76
Philadelphia 76ers,Atlanta Hawks,120,106
Indiana Pacers,Cleveland Cavaliers,109,104
Toronto Raptors,Washington Wizards,134,98
Dallas Mavericks,Detroit Pistons,114,104
Milwaukee Bucks,Memphis Grizzlies,124,116
Houston Rockets,Miami Heat,110,104
Golden State Warriors,San Antonio Spurs,117,122
Denver Nuggets,Los Angeles Lakers,119,107
Golden State Warriors,Phoenix Suns,104,108
Charlotte Hornets,Atlanta Hawks,116,110
Indiana Pacers,Washington Wizards,143,120
New York Knicks,Boston Celtics,104,108
Orlando Magic,Houston Rockets,116,86
Toronto Raptors,Minnesota Timberwolves,97,94
Miami Heat,Detroit Pistons,103,102
Brooklyn Nets,Cleveland Cavaliers,113,114
Memphis Grizzlies,New Orleans Pelicans,104,111
Chicago Bulls,Oklahoma City Thunder,104,124
Utah Jazz,Sacramento Kings,114,130
San Antonio Spurs,Dallas Mavericks,119,126
LA Clippers,Portland Trail Blazers,123,111
Milwaukee Bucks,Philadelphia 76ers,118,117
Los Angeles Lakers,Phoenix Suns,100,95
Memphis Grizzlies,Denver Nuggets,104,108
Charlotte Hornets,Detroit Pistons,99,111
Atlanta Hawks,New York Knicks,120,126
Boston Celtics,Miami Heat,119,111
Cleveland Cavaliers,Oklahoma City Thunder,105,108
San Antonio Spurs,Houston Rockets,126,122
Chicago Bulls,Toronto Raptors,104,103
Dallas Mavericks,Brooklyn Nets,125,120
Utah Jazz,LA Clippers,120,118
Portland Trail Blazers,Orlando Magic,97,102
Sacramento Kings,Golden State Warriors,114,122
New Orleans Pelicans,New York Knicks,96,87
Detroit Pistons,Chicago Bulls,118,102
Washington Wizards,Memphis Grizzlies,113,106
Cleveland Cavaliers,Indiana Pacers,113,125
Toronto Raptors,Philadelphia 76ers,107,114
Minnesota Timberwolves,Miami Heat,106,90
Phoenix Suns,Utah Jazz,126,104
Oklahoma City Thunder,Denver Nuggets,95,128
Milwaukee Bucks,Atlanta Hawks,110,127
Houston Rockets,Golden State Warriors,95,106
Philadelphia 76ers,Portland Trail Blazers,126,98
Sacramento Kings,Los Angeles Lakers,132,127
LA Clippers,San Antonio Spurs,123,83
Washington Wizards,Boston Celtics,107,126
Indiana Pacers,Chicago Bulls,105,112
Charlotte Hornets,Brooklyn Nets,121,133
Toronto Raptors,Portland Trail Blazers,91,99
Atlanta Hawks,Minnesota Timberwolves,127,113
Oklahoma City Thunder,Detroit Pistons,124,112
Memphis Grizzlies,Dallas Mavericks,110,125
New Orleans Pelicans,Golden State Warriors,102,130
Milwaukee Bucks,Miami Heat,122,114
Denver Nuggets,Utah Jazz,110,102
Los Angeles Lakers,Orlando Magic,106,103
Cleveland Cavaliers,New York Knicks,91,109
Phoenix Suns,San Antonio Spurs,114,115
LA Clippers,Orlando Magic,118,102
Toronto Raptors,Milwaukee Bucks,130,111
Detroit Pistons,Portland Trail Blazers,101,110
Oklahoma City Thunder,New Orleans Pelicans,106,110
Boston Celtics,Indiana Pacers,155,104
New York Knicks,Cleveland Cavaliers,89,95
Miami Heat,Brooklyn Nets,105,109
Atlanta Hawks,Washington Wizards,130,121
Minnesota Timberwolves,Denver Nuggets,110,89
Houston Rockets,Charlotte Hornets,128,119
Dallas Mavericks,Chicago Bulls,114,105
Utah Jazz,Memphis Grizzlies,133,109
Los Angeles Lakers,LA Clippers,130,125
Golden State Warriors,Sacramento Kings,102,101
Philadelphia 76ers,Toronto Raptors,114,99
New Orleans Pelicans,Detroit Pistons,125,116
Utah Jazz,Orlando Magic,113,115
Phoenix Suns,San Antonio Spurs,121,132
Indiana Pacers,Cleveland Cavaliers,121,116
Milwaukee Bucks,New York Knicks,110,105
Oklahoma City Thunder,Golden State Warriors,139,141
Miami Heat,Washington Wizards,121,114
Chicago Bulls,Brooklyn Nets,107,109
Portland Trail Blazers,Memphis Grizzlies,115,113
Denver Nuggets,Dallas Mavericks,125,114
Philadelphia 76ers,Phoenix Suns,112,100
Indiana Pacers,Charlotte Hornets,124,125
New Orleans Pelicans,Atlanta Hawks,105,123
Orlando Magic,Los Angeles Lakers,120,101
Brooklyn Nets,Boston Celtics,114,124
Houston Rockets,Sacramento Kings,107,89
Minnesota Timberwolves,Utah Jazz,123,95
Denver Nuggets,Chicago Bulls,123,101
Detroit Pistons,Phoenix Suns,106,120
San Antonio Spurs,Toronto Raptors,116,123
Cleveland Cavaliers,Golden State Warriors,115,104
Dallas Mavericks,Charlotte Hornets,124,118
Portland Trail Blazers,Memphis Grizzlies,100,112
Philadelphia 76ers,Washington Wizards,146,128
Orlando Magic,Dallas Mavericks,102,117
Indiana Pacers,San Antonio Spurs,152,111
Detroit Pistons,Golden State Warriors,109,120
New York Knicks,LA Clippers,111,97
Miami Heat,Los Angeles Lakers,108,107
Brooklyn Nets,Milwaukee Bucks,125,129
Houston Rockets,Sacramento Kings,122,97
Minnesota Timberwolves,Boston Celtics,114,109
Oklahoma City Thunder,Atlanta Hawks,126,117
Chicago Bulls,Utah Jazz,130,113
Denver Nuggets,New Orleans Pelicans,134,116
Charlotte Hornets,Washington Wizards,116,132
Philadelphia 76ers,Boston Celtics,106,103
Indiana Pacers,Utah Jazz,134,118
New York Knicks,San Antonio Spurs,126,105
Brooklyn Nets,LA Clippers,100,93
Minnesota Timberwolves,New Orleans Pelicans,122,101
Houston Rockets,Los Angeles Lakers,128,94
Milwaukee Bucks,Detroit Pistons,120,118
Oklahoma City Thunder,Cleveland Cavaliers,128,120
Memphis Grizzlies,Miami Heat,102,108
Chicago Bulls,Phoenix Suns,115,116
Dallas Mavericks,Toronto Raptors,116,127
Denver Nuggets,Golden State Warriors,108,105
Sacramento Kings,Portland Trail Blazers,121,118
Indiana Pacers,Milwaukee Bucks,126,124
Orlando Magic,Atlanta Hawks,119,120
Washington Wizards,Charlotte Hornets,117,124
Detroit Pistons,Philadelphia 76ers,106,114
Boston Celtics,Brooklyn Nets,121,107
San Antonio Spurs,Minnesota Timberwolves,110,117
Houston Rockets,New Orleans Pelicans,104,101
Memphis Grizzlies,Utah Jazz,121,127
Dallas Mavericks,LA Clippers,144,126
Sacramento Kings,Oklahoma City Thunder,105,98
Phoenix Suns,Los Angeles Lakers,119,122
Orlando Magic,Milwaukee Bucks,112,97
Boston Celtics,Toronto Raptors,117,94
Atlanta Hawks,Miami Heat,109,117
Golden State Warriors,Cleveland Cavaliers,110,118
New York Knicks,Charlotte Hornets,129,107
Brooklyn Nets,Washington Wizards,102,94
LA Clippers,Memphis Grizzlies,101,105
Philadelphia 76ers,Indiana Pacers,137,126
Chicago Bulls,Detroit Pistons,119,108
New Orleans Pelicans,Dallas Mavericks,124,136
Houston Rockets,Denver Nuggets,107,104
San Antonio Spurs,Miami Heat,113,118
Phoenix Suns,Oklahoma City Thunder,99,111
Golden State Warriors,Minnesota Timberwolves,110,116
Los Angeles Lakers,Portland Trail Blazers,116,110
Boston Celtics,New York Knicks,114,98
Toronto Raptors,Washington Wizards,111,107
Milwaukee Bucks,Chicago Bulls,118,109
Sacramento Kings,Cleveland Cavaliers,132,120
Philadelphia 76ers,Indiana Pacers,126,132
Charlotte Hornets,Miami Heat,105,111
Detroit Pistons,Atlanta Hawks,120,126
Oklahoma City Thunder,San Antonio Spurs,123,87
Brooklyn Nets,Orlando Magic,124,104
New Orleans Pelicans,Dallas Mavericks,131,110
Utah Jazz,Portland Trail Blazers,115,99
Denver Nuggets,LA Clippers,111,108
Golden State Warriors,Minnesota Timberwolves,101,104
Los Angeles Lakers,Memphis Grizzlies,134,107
Washington Wizards,Dallas Mavericks,117,130
Toronto Raptors,Milwaukee Bucks,112,128
Philadelphia 76ers,Boston Celtics,107,117
Atlanta Hawks,New York Knicks,114,116
Chicago Bulls,Orlando Magic,94,96
Phoenix Suns,Minnesota Timberwolves,133,115
Los Angeles Lakers,Sacramento Kings,110,125
Portland Trail Blazers,Cleveland Cavaliers,95,109
Miami Heat,Brooklyn Nets,122,115
Golden State Warriors,Oklahoma City Thunder,109,128
Washington Wizards,New York Knicks,99,120
Charlotte Hornets,Milwaukee Bucks,99,130
Toronto Raptors,Boston Celtics,105,108
Atlanta Hawks,Philadelphia 76ers,116,126
San Antonio Spurs,Sacramento Kings,120,129
Cleveland Cavaliers,Detroit Pistons,108,100
New Orleans Pelicans,Denver Nuggets,115,110
Chicago Bulls,Orlando Magic,97,103
Portland Trail Blazers,Los Angeles Lakers,95,107
Utah Jazz,Phoenix Suns,128,131
LA Clippers,Houston Rockets,106,100
Charlotte Hornets,New York Knicks,108,122
New Orleans Pelicans,Minnesota Timberwolves,120,121
Chicago Bulls,Miami Heat,102,97
Milwaukee Bucks,Dallas Mavericks,132,125
San Antonio Spurs,Memphis Grizzlies,108,120
Golden State Warriors,Oklahoma City Thunder,123,130
Brooklyn Nets,Philadelphia 76ers,99,121
Toronto Raptors,Detroit Pistons,142,113
Indiana Pacers,Orlando Magic,116,128
Cleveland Cavaliers,Denver Nuggets,121,109
Dallas Mavericks,Sacramento Kings,113,129
Utah Jazz,Phoenix Suns,137,140
Memphis Grizzlies,Boston Celtics,100,102
Portland Trail Blazers,Oklahoma City Thunder,91,134
Los Angeles Lakers,Houston Rockets,105,104
Detroit Pistons,Denver Nuggets,103,107
Charlotte Hornets,Boston Celtics,121,118
Washington Wizards,Milwaukee Bucks,129,142
Minnesota Timberwolves,New York Knicks,117,100
San Antonio Spurs,LA Clippers,99,124
New Orleans Pelicans,Sacramento Kings,129,93
Chicago Bulls,Miami Heat,100,118
Golden State Warriors,Houston Rockets,121,116
Orlando Magic,Toronto Raptors,126,107
Philadelphia 76ers,Cleveland Cavaliers,119,122
Atlanta Hawks,Indiana Pacers,152,157
Phoenix Suns,Portland Trail Blazers,120,107
Los Angeles Lakers,Utah Jazz,131,99
Charlotte Hornets,Washington Wizards,117,114
Orlando Magic,Denver Nuggets,124,119
Boston Celtics,Milwaukee Bucks,119,116
Cleveland Cavaliers,Miami Heat,96,129
Indiana Pacers,Toronto Raptors,131,132
Atlanta Hawks,Brooklyn Nets,147,145
Houston Rockets,Memphis Grizzlies,111,91
Minnesota Timberwolves,Philadelphia 76ers,112,99
New Orleans Pelicans,Sacramento Kings,117,112
San Antonio Spurs,LA Clippers,102,109
Oklahoma City Thunder,Chicago Bulls,116,102
Portland Trail Blazers,Utah Jazz,121,105
Phoenix Suns,Golden State Warriors,123,115
Los Angeles Lakers,Dallas Mavericks,101,104
Orlando Magic,Boston Celtics,113,96
Memphis Grizzlies,Phoenix Suns,89,110
New York Knicks,Miami Heat,100,98
Toronto Raptors,Chicago Bulls,121,108
Indiana Pacers,Detroit Pistons,136,113
Minnesota Timberwolves,Sacramento Kings,111,124
Milwaukee Bucks,Washington Wizards,131,128
Houston Rockets,Denver Nuggets,105,86
Golden State Warriors,San Antonio Spurs,118,112
LA Clippers,New Orleans Pelicans,106,116
Oklahoma City Thunder,Philadelphia 76ers,123,127
Brooklyn Nets,Miami Heat,112,97
Washington Wizards,Atlanta Hawks,108,136
Cleveland Cavaliers,Los Angeles Lakers,115,121
Utah Jazz,New Orleans Pelicans,105,100
LA Clippers,Dallas Mavericks,107,88
Milwaukee Bucks,Portland Trail Blazers,108,102
Memphis Grizzlies,Minnesota Timberwolves,97,119
Orlando Magic,Charlotte Hornets,130,117
New York Knicks,Phoenix Suns,113,116
Boston Celtics,Atlanta Hawks,113,103
Cleveland Cavaliers,Toronto Raptors,105,102
Brooklyn Nets,Chicago Bulls,118,109
Denver Nuggets,San Antonio Spurs,132,120
Detroit Pistons,Washington Wizards,107,126
Philadelphia 76ers,Los Angeles Lakers,138,94
Indiana Pacers,Portland Trail Blazers,110,114
Utah Jazz,New Orleans Pelicans,114,112
LA Clippers,Denver Nuggets,104,113
Brooklyn Nets,Toronto Raptors,115,103
New York Knicks,Charlotte Hornets,115,91
Cleveland Cavaliers,Atlanta Hawks,128,105
Boston Celtics,Chicago Bulls,124,97
Miami Heat,Milwaukee Bucks,124,131
Minnesota Timberwolves,Oklahoma City Thunder,106,103
Dallas Mavericks,Houston Rockets,121,115
Sacramento Kings,Golden State Warriors,124,123
Detroit Pistons,Los Angeles Lakers,107,133
Orlando Magic,Washington Wizards,139,120
Toronto Raptors,Phoenix Suns,112,105
Memphis Grizzlies,Utah Jazz,105,91
New Orleans Pelicans,Philadelphia 76ers,124,114
Denver Nuggets,Houston Rockets,134,124
Sacramento Kings,LA Clippers,117,131
Cleveland Cavaliers,Portland Trail Blazers,95,103
Brooklyn Nets,Charlotte Hornets,128,129
New York Knicks,Detroit Pistons,118,112
Miami Heat,Indiana Pacers,142,132
Oklahoma City Thunder,Los Angeles Lakers,133,110
San Antonio Spurs,Atlanta Hawks,135,137
Chicago Bulls,Milwaukee Bucks,120,113
Minnesota Timberwolves,Utah Jazz,101,90
Golden State Warriors,LA Clippers,120,114
Orlando Magic,Washington Wizards,130,125
Toronto Raptors,New York Knicks,106,119
Dallas Mavericks,Memphis Grizzlies,94,108
Boston Celtics,Philadelphia 76ers,125,119
New Orleans Pelicans,San Antonio Spurs,121,106
Phoenix Suns,Denver Nuggets,111,119
LA Clippers,Golden State Warriors,113,112
Charlotte Hornets,Minnesota Timberwolves,117,123
Brooklyn Nets,Orlando Magic,129,101
Detroit Pistons,Cleveland Cavaliers,101,110
Chicago Bulls,New Orleans Pelicans,124,118
Miami Heat,Indiana Pacers,129,144
Milwaukee Bucks,Atlanta Hawks,132,121
Phoenix Suns,Memphis Grizzlies,116,109
Dallas Mavericks,Oklahoma City Thunder,120,126
Utah Jazz,Portland Trail Blazers,118,113
Sacramento Kings,Denver Nuggets,123,117
Los Angeles Lakers,Houston Rockets,107,97
Indiana Pacers,Boston Celtics,122,112
Sacramento Kings,New Orleans Pelicans,117,127
Milwaukee Bucks,New York Knicks,146,122
Los Angeles Lakers,Phoenix Suns,106,103
Washington Wizards,Philadelphia 76ers,126,131
Detroit Pistons,Memphis Grizzlies,102,116
Cleveland Cavaliers,Orlando Magic,121,111
Atlanta Hawks,Brooklyn Nets,113,114
Minnesota Timberwolves,San Antonio Spurs,102,94
Toronto Raptors,Miami Heat,103,112
Chicago Bulls,Charlotte Hornets,111,100
Houston Rockets,Oklahoma City Thunder,110,101
Dallas Mavericks,Utah Jazz,147,97
LA Clippers,Denver Nuggets,111,102
Golden State Warriors,Portland Trail Blazers,110,106
Milwaukee Bucks,Indiana Pacers,119,128
Los Angeles Lakers,New Orleans Pelicans,133,89
Charlotte Hornets,Toronto Raptors,119,116
Orlando Magic,Detroit Pistons,123,91
Philadelphia 76ers,Atlanta Hawks,125,114
Brooklyn Nets,Washington Wizards,124,97
Boston Celtics,New York Knicks,133,123
Memphis Grizzlies,Minnesota Timberwolves,103,127
Miami Heat,Cleveland Cavaliers,99,111
Oklahoma City Thunder,Golden State Warriors,138,136
San Antonio Spurs,Chicago Bulls,112,121
Phoenix Suns,Sacramento Kings,106,114
Denver Nuggets,Houston Rockets,106,114
Utah Jazz,LA Clippers,103,117
Portland Trail Blazers,Dallas Mavericks,112,125
Los Angeles Lakers,Indiana Pacers,123,109
Detroit Pistons,Indiana Pacers,123,131
Philadelphia 76ers,Washington Wizards,146,101
Charlotte Hornets,Miami Heat,114,116
Orlando Magic,Cleveland Cavaliers,104,94
New York Knicks,Toronto Raptors,136,130
Atlanta Hawks,Denver Nuggets,122,129
Milwaukee Bucks,Chicago Bulls,133,129
New Orleans Pelicans,Minnesota Timberwolves,121,107
Houston Rockets,San Antonio Spurs,93,82
Memphis Grizzlies,Dallas Mavericks,113,120
Oklahoma City Thunder,Utah Jazz,134,120
Sacramento Kings,Brooklyn Nets,131,118
LA Clippers,Portland Trail Blazers,132,127
Dallas Mavericks,Los Angeles Lakers,127,125
Boston Celtics,Cleveland Cavaliers,120,113
Chicago Bulls,Denver Nuggets,106,114
Phoenix Suns,Golden State Warriors,119,116
LA Clippers,Sacramento Kings,119,99
Detroit Pistons,Philadelphia 76ers,111,129
Washington Wizards,New Orleans Pelicans,122,142
Miami Heat,Charlotte Hornets,115,104
Toronto Raptors,Atlanta Hawks,135,128
San Antonio Spurs,Los Angeles Lakers,119,122
Milwaukee Bucks,Indiana Pacers,140,126
Houston Rockets,Memphis Grizzlies,117,104
Utah Jazz,New York Knicks,117,113
Phoenix Suns,Brooklyn Nets,112,116
Boston Celtics,Cleveland Cavaliers,116,107
Miami Heat,Chicago Bulls,116,124
Dallas Mavericks,Minnesota Timberwolves,101,119
Denver Nuggets,Brooklyn Nets,124,101
Portland Trail Blazers,Utah Jazz,114,122
Sacramento Kings,Oklahoma City Thunder,128,123
LA Clippers,Golden State Warriors,121,113
Philadelphia 76ers,Detroit Pistons,124,92
Washington Wizards,Indiana Pacers,137,123
Charlotte Hornets,New Orleans Pelicans,107,112
Boston Celtics,Orlando Magic,128,111
San Antonio Spurs,Los Angeles Lakers,129,115
Toronto Raptors,Atlanta Hawks,104,125
Memphis Grizzlies,Houston Rockets,96,103
Phoenix Suns,New York Knicks,122,139
Milwaukee Bucks,Detroit Pistons,146,114
Charlotte Hornets,Philadelphia 76ers,82,135
Cleveland Cavaliers,Atlanta Hawks,127,119
Minnesota Timberwolves,Indiana Pacers,127,109
Miami Heat,Chicago Bulls,118,116
Golden State Warriors,Brooklyn Nets,124,120
Denver Nuggets,Oklahoma City Thunder,117,118
Portland Trail Blazers,Dallas Mavericks,120,131
Sacramento Kings,Utah Jazz,125,104
LA Clippers,New York Knicks,144,122
Boston Celtics,Orlando Magic,114,97
San Antonio Spurs,New Orleans Pelicans,110,146
Milwaukee Bucks,Houston Rockets,128,119
Phoenix Suns,Washington Wizards,112,108
Portland Trail Blazers,Golden State Warriors,114,118
Indiana Pacers,LA Clippers,127,151
Cleveland Cavaliers,Houston Rockets,135,130
Philadelphia 76ers,Chicago Bulls,104,108
Miami Heat,Minnesota Timberwolves,108,112
Toronto Raptors,Charlotte Hornets,114,99
Atlanta Hawks,Detroit Pistons,130,124
Oklahoma City Thunder,Memphis Grizzlies,116,97
Denver Nuggets,Dallas Mavericks,130,104
Utah Jazz,Brooklyn Nets,125,108
Sacramento Kings,Washington Wizards,143,131
Los Angeles Lakers,New York Knicks,109,114
New Orleans Pelicans,Memphis Grizzlies,113,115
Milwaukee Bucks,San Antonio Spurs,132,119
Portland Trail Blazers,Phoenix Suns,109,104
Golden State Warriors,Boston Celtics,132,126
Indiana Pacers,Charlotte Hornets,144,113
Orlando Magic,Miami Heat,106,115
Philadelphia 76ers,Minnesota Timberwolves,127,113
Cleveland Cavaliers,Utah Jazz,124,116
Brooklyn Nets,New York Knicks,102,121
Toronto Raptors,Denver Nuggets,104,113
Houston Rockets,Atlanta Hawks,127,134
Chicago Bulls,Los Angeles Lakers,124,108
Dallas Mavericks,LA Clippers,111,120
Sacramento Kings,Boston Celtics,119,144
Detroit Pistons,Utah Jazz,111,119
Cleveland Cavaliers,New Orleans Pelicans,104,123
Milwaukee Bucks,Orlando Magic,118,114
Chicago Bulls,San Antonio Spurs,114,95
Memphis Grizzlies,Indiana Pacers,116,103
Oklahoma City Thunder,LA Clippers,134,115
Minnesota Timberwolves,Los Angeles Lakers,118,111
Portland Trail Blazers,Washington Wizards,117,118
Philadelphia 76ers,Toronto Raptors,121,111
Brooklyn Nets,Denver Nuggets,117,122
Miami Heat,Atlanta Hawks,122,113
Houston Rockets,Dallas Mavericks,122,96
Sacramento Kings,Phoenix Suns,120,105
Golden State Warriors,Washington Wizards,129,118
New York Knicks,Milwaukee Bucks,111,130
LA Clippers,Boston Celtics,108,145
New Orleans Pelicans,Houston Rockets,104,106
Charlotte Hornets,Denver Nuggets,95,102
Indiana Pacers,Orlando Magic,110,117
Toronto Raptors,Utah Jazz,119,126
Brooklyn Nets,Detroit Pistons,126,115
Atlanta Hawks,Memphis Grizzlies,119,125
Chicago Bulls,Cleveland Cavaliers,95,109
Oklahoma City Thunder,Los Angeles Lakers,120,129
Golden State Warriors,Portland Trail Blazers,126,106
Dallas Mavericks,San Antonio Spurs,144,119
Sacramento Kings,Minnesota Timberwolves,98,110
New York Knicks,Milwaukee Bucks,129,122
Denver Nuggets,Golden State Warriors,120,114
Los Angeles Lakers,Boston Celtics,115,126
Miami Heat,Philadelphia 76ers,119,113
Phoenix Suns,Dallas Mavericks,114,128
Washington Wizards,Orlando Magic,119,127
Detroit Pistons,Brooklyn Nets,112,118
San Antonio Spurs,Utah Jazz,118,130
Chicago Bulls,Atlanta Hawks,118,113
Houston Rockets,Indiana Pacers,117,123
New Orleans Pelicans,Memphis Grizzlies,115,116
Oklahoma City Thunder,Minnesota Timberwolves,129,106
Portland Trail Blazers,Sacramento Kings,130,113
LA Clippers,Charlotte Hornets,113,104
Washington Wizards,Toronto Raptors,102,132
Orlando Magic,Philadelphia 76ers,92,112
Brooklyn Nets,Milwaukee Bucks,122,144
Houston Rockets,Phoenix Suns,113,129
Oklahoma City Thunder,New York Knicks,129,120
Dallas Mavericks,Cleveland Cavaliers,110,113
Boston Celtics,Detroit Pistons,128,122
New Orleans Pelicans,Utah Jazz,112,105
Minnesota Timberwolves,Dallas Mavericks,118,110
Chicago Bulls,Indiana Pacers,104,120
Denver Nuggets,Memphis Grizzlies,142,105
Golden State Warriors,Miami Heat,102,114
Portland Trail Blazers,San Antonio Spurs,105,118
Los Angeles Lakers,Charlotte Hornets,133,112
Orlando Magic,New York Knicks,117,108
Washington Wizards,Brooklyn Nets,110,104
Cleveland Cavaliers,Milwaukee Bucks,111,119
Atlanta Hawks,Sacramento Kings,110,117
Boston Celtics,Toronto Raptors,120,118
Houston Rockets,Philadelphia 76ers,127,131
Denver Nuggets,Oklahoma City Thunder,93,119
Phoenix Suns,Charlotte Hornets,133,119
Portland Trail Blazers,San Antonio Spurs,134,128
LA Clippers,Memphis Grizzlies,117,106
Utah Jazz,Miami Heat,117,109
Detroit Pistons,Toronto Raptors,129,127
Indiana Pacers,New York Knicks,140,126
Minnesota Timberwolves,Los Angeles Lakers,108,106
Chicago Bulls,Philadelphia 76ers,105,92
Golden State Warriors,Dallas Mavericks,122,132
Washington Wizards,Atlanta Hawks,126,130
San Antonio Spurs,Boston Celtics,101,134
New Orleans Pelicans,Los Angeles Lakers,129,109
Oklahoma City Thunder,Brooklyn Nets,124,108
Memphis Grizzlies,Sacramento Kings,92,123
Phoenix Suns,Orlando Magic,112,107
New York Knicks,Minnesota Timberwolves,112,106
Toronto Raptors,Cleveland Cavaliers,124,121
Milwaukee Bucks,Indiana Pacers,113,122
Houston Rockets,Detroit Pistons,136,113
Denver Nuggets,Charlotte Hornets,111,93
Phoenix Suns,Portland Trail Blazers,109,88
Utah Jazz,Dallas Mavericks,127,90
LA Clippers,Miami Heat,121,104
Philadelphia 76ers,Chicago Bulls,110,97
New Orleans Pelicans,Brooklyn Nets,112,85
Memphis Grizzlies,San Antonio Spurs,106,98
Oklahoma City Thunder,Boston Celtics,127,123
Golden State Warriors,Orlando Magic,121,115
Sacramento Kings,Charlotte Hornets,104,111
Cleveland Cavaliers,Washington Wizards,140,101
Indiana Pacers,Milwaukee Bucks,142,130
Atlanta Hawks,Oklahoma City Thunder,141,138
Houston Rockets,Brooklyn Nets,112,101
Minnesota Timberwolves,New Orleans Pelicans,106,117
Memphis Grizzlies,Toronto Raptors,111,116
New York Knicks,Chicago Bulls,116,100
Dallas Mavericks,Portland Trail Blazers,126,97
Phoenix Suns,LA Clippers,122,131
Utah Jazz,Detroit Pistons,154,148
Los Angeles Lakers,Miami Heat,96,110
Sacramento Kings,Orlando Magic,138,135
San Antonio Spurs,Milwaukee Bucks,121,125
Golden State Warriors,Denver Nuggets,127,130
Boston Celtics,Utah Jazz,126,97
Indiana Pacers,Atlanta Hawks,150,116
Cleveland Cavaliers,Washington Wizards,114,90
Philadelphia 76ers,New York Knicks,92,128
Brooklyn Nets,Oklahoma City Thunder,124,115
Houston Rockets,Minnesota Timberwolves,95,122
Chicago Bulls,Charlotte Hornets,104,91
New Orleans Pelicans,LA Clippers,95,111
Dallas Mavericks,Portland Trail Blazers,139,103
Denver Nuggets,Orlando Magic,120,122
Phoenix Suns,Miami Heat,113,97
Sacramento Kings,Toronto Raptors,135,130
Los Angeles Lakers,Memphis Grizzlies,113,127
Golden State Warriors,Detroit Pistons,113,109
Indiana Pacers,Boston Celtics,101,118
Washington Wizards,New York Knicks,105,121
Philadelphia 76ers,Utah Jazz,109,120
Houston Rockets,Milwaukee Bucks,112,108
Cleveland Cavaliers,San Antonio Spurs,117,115
Brooklyn Nets,Portland Trail Blazers,127,134
Sacramento Kings,New Orleans Pelicans,100,133
Orlando Magic,Atlanta Hawks,117,110
Dallas Mavericks,Minnesota Timberwolves,115,108
Phoenix Suns,Memphis Grizzlies,115,121
Denver Nuggets,Detroit Pistons,131,114
Golden State Warriors,Toronto Raptors,118,133
Los Angeles Lakers,LA Clippers,106,103
Indiana Pacers,Boston Celtics,133,131
Washington Wizards,Oklahoma City Thunder,128,136
Charlotte Hornets,Chicago Bulls,112,119
Miami Heat,Houston Rockets,120,113
Milwaukee Bucks,Utah Jazz,116,132
LA Clippers,Phoenix Suns,138,111
Orlando Magic,Minnesota Timberwolves,92,113
Detroit Pistons,Sacramento Kings,110,131
New York Knicks,Portland Trail Blazers,112,84
Dallas Mavericks,Memphis Grizzlies,103,120
Los Angeles Lakers,Toronto Raptors,132,131
Charlotte Hornets,Sacramento Kings,98,123
Indiana Pacers,Washington Wizards,112,104
Boston Celtics,Minnesota Timberwolves,127,120
Detroit Pistons,San Antonio Spurs,108,130
Miami Heat,Oklahoma City Thunder,120,128
Atlanta Hawks,Philadelphia 76ers,139,132
Chicago Bulls,Houston Rockets,124,119
Golden State Warriors,New Orleans Pelicans,105,141
Utah Jazz,Denver Nuggets,124,111
LA Clippers,Toronto Raptors,126,120
Cleveland Cavaliers,Brooklyn Nets,111,102
Milwaukee Bucks,Boston Celtics,135,102
Oklahoma City Thunder,Portland Trail Blazers,139,77
Dallas Mavericks,New York Knicks,128,124
Los Angeles Lakers,Phoenix Suns,109,127
Atlanta Hawks,Indiana Pacers,108,126
Detroit Pistons,Houston Rockets,110,112
Philadelphia 76ers,Sacramento Kings,112,93
Memphis Grizzlies,LA Clippers,119,128
San Antonio Spurs,Charlotte Hornets,135,99
Miami Heat,Orlando Magic,99,96
Minnesota Timberwolves,Portland Trail Blazers,116,93
Chicago Bulls,Golden State Warriors,131,140
Utah Jazz,Toronto Raptors,145,113
Denver Nuggets,New Orleans Pelicans,125,113
Boston Celtics,Houston Rockets,145,113
Atlanta Hawks,Washington Wizards,99,127
Oklahoma City Thunder,Orlando Magic,112,100
Milwaukee Bucks,Golden State Warriors,129,118
Memphis Grizzlies,New York Knicks,94,106
Dallas Mavericks,New Orleans Pelicans,108,118
San Antonio Spurs,Chicago Bulls,116,122
Utah Jazz,Los Angeles Lakers,132,125
Denver Nuggets,Indiana Pacers,117,109
Miami Heat,Charlotte Hornets,104,87
Milwaukee Bucks,Sacramento Kings,143,142
Minnesota Timberwolves,LA Clippers,109,105
Portland Trail Blazers,Phoenix Suns,116,127
Philadelphia 76ers,Houston Rockets,124,115
Dallas Mavericks,New Orleans Pelicans,125,120
Washington Wizards,Detroit Pistons,117,129
New York Knicks,Orlando Magic,94,98
Atlanta Hawks,San Antonio Spurs,109,99
Memphis Grizzlies,Golden State Warriors,116,107
Cleveland Cavaliers,Chicago Bulls,109,91
Brooklyn Nets,Miami Heat,95,96
Toronto Raptors,Boston Celtics,96,105
Utah Jazz,Indiana Pacers,132,105
Los Angeles Lakers,Oklahoma City Thunder,112,105
Philadelphia 76ers,Denver Nuggets,126,121
Phoenix Suns,Sacramento Kings,119,117
LA Clippers,Oklahoma City Thunder,128,117
Detroit Pistons,Minnesota Timberwolves,117,124
Cleveland Cavaliers,Milwaukee Bucks,135,95
New York Knicks,Houston Rockets,109,94
Toronto Raptors,Miami Heat,121,97
Boston Celtics,San Antonio Spurs,117,98
Atlanta Hawks,Orlando Magic,106,104
New Orleans Pelicans,Charlotte Hornets,132,112
Los Angeles Lakers,Dallas Mavericks,127,110
Utah Jazz,Golden State Warriors,N/A,N/A
Portland Trail Blazers,Brooklyn Nets,105,103
New York Knicks,Washington Wizards,113,109
Toronto Raptors,Chicago Bulls,110,116
Utah Jazz,Oklahoma City Thunder,129,134
Minnesota Timberwolves,Memphis Grizzlies,118,103
Sacramento Kings,Indiana Pacers,121,126
Charlotte Hornets,San Antonio Spurs,124,120
Orlando Magic,Philadelphia 76ers,109,124
Boston Celtics,Denver Nuggets,100,102
New Orleans Pelicans,Phoenix Suns,109,123
Miami Heat,Atlanta Hawks,108,109
Portland Trail Blazers,Indiana Pacers,118,115
Golden State Warriors,Dallas Mavericks,N/A,N/A
Los Angeles Lakers,Brooklyn Nets,112,130
Detroit Pistons,Milwaukee Bucks,135,141
Washington Wizards,San Antonio Spurs,127,131
Charlotte Hornets,Philadelphia 76ers,89,97
Atlanta Hawks,Cleveland Cavaliers,95,116
New York Knicks,Toronto Raptors,126,100
Minnesota Timberwolves,Oklahoma City Thunder,97,102
Chicago Bulls,Memphis Grizzlies,125,96
Houston Rockets,Utah Jazz,127,126
LA Clippers,Brooklyn Nets,125,114
Orlando Magic,Miami Heat,105,87
Washington Wizards,Denver Nuggets,104,113
Houston Rockets,Boston Celtics,107,116
Phoenix Suns,Indiana Pacers,117,110
Los Angeles Lakers,Portland Trail Blazers,134,110
Detroit Pistons,Milwaukee Bucks,113,122
Orlando Magic,Cleveland Cavaliers,99,126
Philadelphia 76ers,San Antonio Spurs,133,123
Toronto Raptors,Memphis Grizzlies,100,108
Minnesota Timberwolves,Charlotte Hornets,125,128
Dallas Mavericks,Boston Celtics,110,119
Phoenix Suns,Chicago Bulls,115,113
Sacramento Kings,Atlanta Hawks,122,107
Indiana Pacers,Denver Nuggets,109,114
Brooklyn Nets,New York Knicks,103,108
Oklahoma City Thunder,Portland Trail Blazers,111,109
New Orleans Pelicans,Utah Jazz,153,124
LA Clippers,Los Angeles Lakers,127,116
Washington Wizards,Minnesota Timberwolves,107,118
Detroit Pistons,Charlotte Hornets,113,106
Miami Heat,Memphis Grizzlies,96,105
Houston Rockets,Portland Trail Blazers,131,137
Milwaukee Bucks,Cleveland Cavaliers,126,116
Dallas Mavericks,Phoenix Suns,109,132
San Antonio Spurs,Oklahoma City Thunder,114,140
Golden State Warriors,Atlanta Hawks,134,112
Indiana Pacers,Philadelphia 76ers,134,122
Washington Wizards,Utah Jazz,108,123
Miami Heat,Boston Celtics,110,143
New York Knicks,Denver Nuggets,122,84
Brooklyn Nets,Minnesota Timberwolves,94,96
Golden State Warriors,Sacramento Kings,133,134
Los Angeles Lakers,Chicago Bulls,141,132
Charlotte Hornets,Houston Rockets,104,138
Indiana Pacers,Phoenix Suns,133,131
Atlanta Hawks,Dallas Mavericks,143,148
Toronto Raptors,LA Clippers,107,127
Memphis Grizzlies,Orlando Magic,107,106
Milwaukee Bucks,Cleveland Cavaliers,100,112
New Orleans Pelicans,Oklahoma City Thunder,83,107
San Antonio Spurs,Portland Trail Blazers,116,100
Detroit Pistons,Washington Wizards,104,118
New York Knicks,Miami Heat,125,109
Denver Nuggets,Philadelphia 76ers,111,105
Brooklyn Nets,Houston Rockets,106,104
Charlotte Hornets,Utah Jazz,122,134
Boston Celtics,LA Clippers,96,115
Milwaukee Bucks,New Orleans Pelicans,141,117
San Antonio Spurs,Minnesota Timberwolves,113,112
Golden State Warriors,Los Angeles Lakers,144,145
Dallas Mavericks,Sacramento Kings,115,120
Detroit Pistons,Oklahoma City Thunder,120,104
Indiana Pacers,Memphis Grizzlies,116,110
Atlanta Hawks,Toronto Raptors,126,125
Orlando Magic,Phoenix Suns,113,98
Portland Trail Blazers,Chicago Bulls,96,104
Charlotte Hornets,New York Knicks,92,113
Cleveland Cavaliers,LA Clippers,118,108
Miami Heat,Phoenix Suns,105,118
Brooklyn Nets,Utah Jazz,147,114
Boston Celtics,New Orleans Pelicans,118,112
San Antonio Spurs,Washington Wizards,113,118
Memphis Grizzlies,Sacramento Kings,94,103
Oklahoma City Thunder,Minnesota Timberwolves,101,107
Houston Rockets,Los Angeles Lakers,135,119
Dallas Mavericks,Orlando Magic,131,129
Denver Nuggets,Milwaukee Bucks,113,107
Portland Trail Blazers,Philadelphia 76ers,130,104
New York Knicks,Utah Jazz,118,103
Atlanta Hawks,Los Angeles Lakers,138,122
Boston Celtics,Indiana Pacers,129,124
Chicago Bulls,Toronto Raptors,107,118
Golden State Warriors,Philadelphia 76ers,119,107
Charlotte Hornets,Chicago Bulls,110,117
Washington Wizards,LA Clippers,109,125
Cleveland Cavaliers,Detroit Pistons,128,121
Miami Heat,Sacramento Kings,115,106
Oklahoma City Thunder,Denver Nuggets,105,100
Houston Rockets,New Orleans Pelicans,99,110
Minnesota Timberwolves,Dallas Mavericks,121,87
San Antonio Spurs,Orlando Magic,98,108
Brooklyn Nets,Phoenix Suns,120,136
Portland Trail Blazers,Milwaukee Bucks,119,116
New York Knicks,Indiana Pacers,109,105
Boston Celtics,Los Angeles Lakers,105,114
Memphis Grizzlies,Cleveland Cavaliers,101,108
Utah Jazz,Philadelphia 76ers,124,127
Detroit Pistons,LA Clippers,125,136
Washington Wizards,Miami Heat,102,110
Indiana Pacers,Sacramento Kings,122,133
Atlanta Hawks,Phoenix Suns,129,120
San Antonio Spurs,New Orleans Pelicans,113,114
Minnesota Timberwolves,Orlando Magic,106,108
Houston Rockets,Toronto Raptors,135,106
Memphis Grizzlies,Golden State Warriors,101,121
Oklahoma City Thunder,Charlotte Hornets,126,106
Denver Nuggets,Portland Trail Blazers,120,108
Philadelphia 76ers,Brooklyn Nets,121,136
Atlanta Hawks,Golden State Warriors,141,134
Chicago Bulls,Sacramento Kings,115,123
Dallas Mavericks,Milwaukee Bucks,117,129
San Antonio Spurs,Cleveland Cavaliers,101,117
New York Knicks,Los Angeles Lakers,105,113
Detroit Pistons,Orlando Magic,99,111
Washington Wizards,Phoenix Suns,112,140
Boston Celtics,Memphis Grizzlies,131,91
Miami Heat,LA Clippers,95,103
Charlotte Hornets,Indiana Pacers,99,115
Oklahoma City Thunder,Toronto Raptors,135,127
Minnesota Timberwolves,Houston Rockets,111,90
Utah Jazz,Milwaukee Bucks,123,108
Denver Nuggets,Portland Trail Blazers,112,103
Philadelphia 76ers,Dallas Mavericks,102,118
Cleveland Cavaliers,Sacramento Kings,136,110
Charlotte Hornets,Los Angeles Lakers,118,124
Atlanta Hawks,LA Clippers,144,149
Brooklyn Nets,Golden State Warriors,98,109
New Orleans Pelicans,Toronto Raptors,138,100
Indiana Pacers,Houston Rockets,132,129
Miami Heat,Orlando Magic,121,95
New York Knicks,Memphis Grizzlies,123,113
Brooklyn Nets,Dallas Mavericks,107,119
Chicago Bulls,Minnesota Timberwolves,129,123
Utah Jazz,Oklahoma City Thunder,124,117
Phoenix Suns,Milwaukee Bucks,114,106
Washington Wizards,Cleveland Cavaliers,106,114
Charlotte Hornets,Toronto Raptors,117,123
Miami Heat,San Antonio Spurs,116,104
Philadelphia 76ers,Golden State Warriors,104,127
Boston Celtics,Atlanta Hawks,125,117
LA Clippers,New Orleans Pelicans,106,117
Sacramento Kings,Detroit Pistons,120,133
Indiana Pacers,Golden State Warriors,109,131
Orlando Magic,San Antonio Spurs,127,111
Brooklyn Nets,Cleveland Cavaliers,95,118
New York Knicks,Dallas Mavericks,108,122
Milwaukee Bucks,Minnesota Timberwolves,105,129
Memphis Grizzlies,Chicago Bulls,110,118
Phoenix Suns,Utah Jazz,129,115
Portland Trail Blazers,Detroit Pistons,122,128
Los Angeles Lakers,Denver Nuggets,106,114
Philadelphia 76ers,Atlanta Hawks,121,127
Toronto Raptors,Houston Rockets,107,104
Boston Celtics,Washington Wizards,133,129
Milwaukee Bucks,Charlotte Hornets,120,84
Sacramento Kings,Denver Nuggets,135,106
Los Angeles Lakers,New Orleans Pelicans,139,122
Dallas Mavericks,Oklahoma City Thunder,146,111
LA Clippers,Detroit Pistons,112,106
Brooklyn Nets,San Antonio Spurs,123,103
Charlotte Hornets,Memphis Grizzlies,115,106
Orlando Magic,Chicago Bulls,114,108
Washington Wizards,Philadelphia 76ers,113,119
Atlanta Hawks,Houston Rockets,122,113
New York Knicks,Indiana Pacers,111,125
Toronto Raptors,Cleveland Cavaliers,95,119
Golden State Warriors,Phoenix Suns,113,112
Portland Trail Blazers,New Orleans Pelicans,84,93
Miami Heat,Boston Celtics,106,110
Oklahoma City Thunder,Sacramento Kings,127,113
Charlotte Hornets,Indiana Pacers,111,102
Cleveland Cavaliers,Philadelphia 76ers,121,123
Atlanta Hawks,Chicago Bulls,126,136
Toronto Raptors,San Antonio Spurs,99,122
Milwaukee Bucks,Denver Nuggets,112,95
Memphis Grizzlies,New Orleans Pelicans,87,96
Houston Rockets,New York Knicks,105,103
Dallas Mavericks,Washington Wizards,112,104
Utah Jazz,Golden State Warriors,107,129
LA Clippers,Minnesota Timberwolves,100,121
Orlando Magic,Oklahoma City Thunder,113,127
Brooklyn Nets,Boston Celtics,110,118
Milwaukee Bucks,Miami Heat,97,123
Portland Trail Blazers,Minnesota Timberwolves,109,121
Phoenix Suns,Sacramento Kings,130,125
Los Angeles Lakers,Detroit Pistons,125,111
Charlotte Hornets,Atlanta Hawks,122,99
Orlando Magic,New York Knicks,118,100
Philadelphia 76ers,Miami Heat,104,109
Cleveland Cavaliers,Chicago Bulls,108,105
Toronto Raptors,Indiana Pacers,125,127
Boston Celtics,Brooklyn Nets,136,86
Memphis Grizzlies,Houston Rockets,121,113
New Orleans Pelicans,Washington Wizards,133,126
Dallas Mavericks,San Antonio Spurs,116,93
Denver Nuggets,Sacramento Kings,98,102
Phoenix Suns,Detroit Pistons,116,100
Utah Jazz,Los Angeles Lakers,122,138
Golden State Warriors,LA Clippers,125,130
Memphis Grizzlies,Milwaukee Bucks,113,110
Utah Jazz,Golden State Warriors,137,140
Portland Trail Blazers,Minnesota Timberwolves,91,128
Team Tamika,Team Jalen,35,40
Team Pau,Team Detlef,36,41
Team Jalen,Team Detlef,26,13
East NBA All Stars,West NBA All Stars,211,186
Indiana Pacers,Detroit Pistons,129,115
Toronto Raptors,Brooklyn Nets,121,93
Philadelphia 76ers,New York Knicks,96,110
Cleveland Cavaliers,Orlando Magic,109,116
Dallas Mavericks,Phoenix Suns,123,113
Chicago Bulls,Boston Celtics,112,129
Oklahoma City Thunder,LA Clippers,129,107
New Orleans Pelicans,Houston Rockets,127,105
Utah Jazz,Charlotte Hornets,107,115
Denver Nuggets,Washington Wizards,130,110
Golden State Warriors,Los Angeles Lakers,128,110
Sacramento Kings,San Antonio Spurs,127,122
Philadelphia 76ers,Cleveland Cavaliers,104,97
Atlanta Hawks,Toronto Raptors,121,123
New Orleans Pelicans,Miami Heat,95,106
Memphis Grizzlies,LA Clippers,95,101
Houston Rockets,Phoenix Suns,114,110
Oklahoma City Thunder,Washington Wizards,147,106
Minnesota Timberwolves,Milwaukee Bucks,107,112
Golden State Warriors,Charlotte Hornets,97,84
Portland Trail Blazers,Denver Nuggets,112,127
Los Angeles Lakers,San Antonio Spurs,123,118
Detroit Pistons,Orlando Magic,109,112
New York Knicks,Boston Celtics,102,116
Minnesota Timberwolves,Brooklyn Nets,101,86
Philadelphia 76ers,Milwaukee Bucks,98,119
Phoenix Suns,Los Angeles Lakers,123,113
Indiana Pacers,Dallas Mavericks,133,111
Washington Wizards,Cleveland Cavaliers,105,114
Golden State Warriors,Denver Nuggets,103,119
Atlanta Hawks,Orlando Magic,109,92
Houston Rockets,Oklahoma City Thunder,110,123
New Orleans Pelicans,Chicago Bulls,106,114
Utah Jazz,San Antonio Spurs,128,109
Portland Trail Blazers,Charlotte Hornets,80,93
LA Clippers,Sacramento Kings,107,123
Indiana Pacers,Toronto Raptors,122,130
New York Knicks,Detroit Pistons,113,111
Memphis Grizzlies,Brooklyn Nets,86,111
Sacramento Kings,Miami Heat,110,121
Washington Wizards,Golden State Warriors,112,123
Cleveland Cavaliers,Dallas Mavericks,121,119
Orlando Magic,Brooklyn Nets,108,81
New York Knicks,New Orleans Pelicans,92,115
Boston Celtics,Philadelphia 76ers,117,99
Atlanta Hawks,Utah Jazz,124,97
Minnesota Timberwolves,San Antonio Spurs,114,105
Milwaukee Bucks,Charlotte Hornets,123,85
Chicago Bulls,Detroit Pistons,95,105
Portland Trail Blazers,Miami Heat,96,106
Oklahoma City Thunder,Houston Rockets,112,95
Toronto Raptors,Dallas Mavericks,125,136
Indiana Pacers,New Orleans Pelicans,123,114
Chicago Bulls,Cleveland Cavaliers,132,123
Minnesota Timberwolves,Memphis Grizzlies,110,101
Denver Nuggets,Sacramento Kings,117,96
LA Clippers,Los Angeles Lakers,112,116
Charlotte Hornets,Milwaukee Bucks,99,111
Orlando Magic,Utah Jazz,115,107
Brooklyn Nets,Atlanta Hawks,124,97
New York Knicks,Golden State Warriors,99,110
San Antonio Spurs,Oklahoma City Thunder,132,118
Phoenix Suns,Houston Rockets,110,105
Denver Nuggets,Miami Heat,103,97
Los Angeles Lakers,Washington Wizards,134,131
Philadelphia 76ers,Charlotte Hornets,121,114
Detroit Pistons,Cleveland Cavaliers,100,110
Boston Celtics,Dallas Mavericks,138,110
Toronto Raptors,Golden State Warriors,105,120
Memphis Grizzlies,Portland Trail Blazers,92,122
New Orleans Pelicans,Indiana Pacers,129,102
Minnesota Timberwolves,Sacramento Kings,120,124
Chicago Bulls,Milwaukee Bucks,97,113
LA Clippers,Washington Wizards,140,115
Brooklyn Nets,Atlanta Hawks,114,102
Miami Heat,Utah Jazz,126,120
Memphis Grizzlies,Portland Trail Blazers,100,107
Los Angeles Lakers,Denver Nuggets,114,124
Phoenix Suns,Houston Rockets,109,118
Dallas Mavericks,Philadelphia 76ers,116,120
Boston Celtics,Golden State Warriors,140,88
Minnesota Timberwolves,LA Clippers,88,89
Orlando Magic,Detroit Pistons,113,91
Toronto Raptors,Charlotte Hornets,111,106
Cleveland Cavaliers,New York Knicks,98,107
San Antonio Spurs,Indiana Pacers,117,105
Phoenix Suns,Oklahoma City Thunder,110,118
Brooklyn Nets,Memphis Grizzlies,102,106
Minnesota Timberwolves,Portland Trail Blazers,119,114
Milwaukee Bucks,LA Clippers,113,106
Utah Jazz,Washington Wizards,127,115
Sacramento Kings,Chicago Bulls,109,113
Los Angeles Lakers,Oklahoma City Thunder,116,104
Charlotte Hornets,Orlando Magic,89,101
Miami Heat,Detroit Pistons,118,110
New York Knicks,Atlanta Hawks,100,116
Brooklyn Nets,Philadelphia 76ers,112,107
Toronto Raptors,New Orleans Pelicans,98,139
Cleveland Cavaliers,Boston Celtics,105,104
Houston Rockets,San Antonio Spurs,114,101
Dallas Mavericks,Indiana Pacers,120,137
Denver Nuggets,Phoenix Suns,107,117
Washington Wizards,Orlando Magic,109,119
Philadelphia 76ers,Memphis Grizzlies,109,115
Houston Rockets,LA Clippers,116,122
Atlanta Hawks,Cleveland Cavaliers,112,101
Utah Jazz,Chicago Bulls,117,119
Portland Trail Blazers,Oklahoma City Thunder,120,128
Golden State Warriors,Milwaukee Bucks,125,90
Los Angeles Lakers,Sacramento Kings,120,130
Indiana Pacers,Minnesota Timberwolves,111,113
Detroit Pistons,Brooklyn Nets,118,112
Dallas Mavericks,Miami Heat,114,108
Phoenix Suns,Toronto Raptors,120,113
Golden State Warriors,Chicago Bulls,122,125
Denver Nuggets,Boston Celtics,115,109
Sacramento Kings,San Antonio Spurs,131,129
Philadelphia 76ers,New Orleans Pelicans,95,103
Washington Wizards,Charlotte Hornets,112,100
Cleveland Cavaliers,Minnesota Timberwolves,113,104
New York Knicks,Orlando Magic,98,74
Oklahoma City Thunder,Miami Heat,107,100
Memphis Grizzlies,Atlanta Hawks,92,99
Portland Trail Blazers,Houston Rockets,107,123
Los Angeles Lakers,Milwaukee Bucks,123,122
LA Clippers,Chicago Bulls,112,102
Charlotte Hornets,Brooklyn Nets,110,99
Detroit Pistons,Dallas Mavericks,124,142
Phoenix Suns,Boston Celtics,107,117
Golden State Warriors,San Antonio Spurs,113,126
Denver Nuggets,Utah Jazz,142,121
Portland Trail Blazers,Toronto Raptors,128,118
LA Clippers,Milwaukee Bucks,117,124
Orlando Magic,Indiana Pacers,97,111
Miami Heat,Washington Wizards,108,110
Sacramento Kings,Houston Rockets,104,112
Atlanta Hawks,New Orleans Pelicans,103,116
Cleveland Cavaliers,Brooklyn Nets,101,120
Oklahoma City Thunder,Memphis Grizzlies,124,93
New York Knicks,Philadelphia 76ers,73,79
Los Angeles Lakers,Minnesota Timberwolves,120,109
Detroit Pistons,Charlotte Hornets,114,97
Cleveland Cavaliers,Phoenix Suns,111,117
San Antonio Spurs,Golden State Warriors,102,112
Chicago Bulls,Dallas Mavericks,92,127
Denver Nuggets,Toronto Raptors,125,119
Portland Trail Blazers,Boston Celtics,99,121
New York Knicks,Philadelphia 76ers,106,79
Memphis Grizzlies,Washington Wizards,109,97
Oklahoma City Thunder,Indiana Pacers,111,121
San Antonio Spurs,Houston Rockets,101,103
Utah Jazz,Boston Celtics,107,123
LA Clippers,Minnesota Timberwolves,100,118
Sacramento Kings,Milwaukee Bucks,129,94
Orlando Magic,Brooklyn Nets,114,106
Detroit Pistons,Toronto Raptors,113,104
Miami Heat,Denver Nuggets,88,100
Indiana Pacers,Chicago Bulls,129,132
New Orleans Pelicans,Cleveland Cavaliers,95,116
Memphis Grizzlies,Charlotte Hornets,98,110
Dallas Mavericks,Golden State Warriors,109,99
Sacramento Kings,Los Angeles Lakers,120,107
Portland Trail Blazers,Atlanta Hawks,106,102
Boston Celtics,Phoenix Suns,127,112
Chicago Bulls,LA Clippers,111,126
Houston Rockets,Washington Wizards,135,119
Milwaukee Bucks,Philadelphia 76ers,114,105
Oklahoma City Thunder,Dallas Mavericks,126,119
Portland Trail Blazers,New York Knicks,93,105
Detroit Pistons,Miami Heat,95,108
Charlotte Hornets,Phoenix Suns,96,107
Toronto Raptors,Orlando Magic,103,113
New Orleans Pelicans,LA Clippers,112,104
San Antonio Spurs,Denver Nuggets,106,117
Utah Jazz,Atlanta Hawks,124,122
Houston Rockets,Cleveland Cavaliers,117,103
New Orleans Pelicans,Portland Trail Blazers,126,107
Philadelphia 76ers,Charlotte Hornets,109,98
Indiana Pacers,Brooklyn Nets,121,100
Chicago Bulls,Washington Wizards,127,98
Memphis Grizzlies,Oklahoma City Thunder,112,118
Los Angeles Lakers,Golden State Warriors,121,128
Utah Jazz,Minnesota Timberwolves,100,119
Sacramento Kings,New York Knicks,91,98
Milwaukee Bucks,Phoenix Suns,140,129
Detroit Pistons,Miami Heat,101,104
Dallas Mavericks,Denver Nuggets,107,105
Orlando Magic,Toronto Raptors,111,96
Washington Wizards,Boston Celtics,104,130
San Antonio Spurs,Brooklyn Nets,122,115
LA Clippers,Atlanta Hawks,93,110
Indiana Pacers,Cleveland Cavaliers,103,108
Philadelphia 76ers,Miami Heat,98,91
Boston Celtics,Detroit Pistons,119,94
Chicago Bulls,Portland Trail Blazers,110,107
Utah Jazz,Minnesota Timberwolves,104,114
Sacramento Kings,Memphis Grizzlies,121,111
Golden State Warriors,New York Knicks,112,119
Los Angeles Lakers,Atlanta Hawks,136,105
Washington Wizards,Houston Rockets,114,137
Orlando Magic,Charlotte Hornets,112,92
Brooklyn Nets,New Orleans Pelicans,91,104
San Antonio Spurs,Dallas Mavericks,107,113
Minnesota Timberwolves,Denver Nuggets,112,115
Cleveland Cavaliers,Miami Heat,104,107
Detroit Pistons,Indiana Pacers,103,122
Toronto Raptors,Sacramento Kings,89,123
Boston Celtics,Milwaukee Bucks,122,119
Oklahoma City Thunder,Utah Jazz,119,107
Portland Trail Blazers,LA Clippers,103,116
Phoenix Suns,Philadelphia 76ers,115,102
Golden State Warriors,Memphis Grizzlies,137,116
Orlando Magic,New Orleans Pelicans,121,106
Washington Wizards,Sacramento Kings,109,102
Milwaukee Bucks,Brooklyn Nets,115,108
Houston Rockets,Chicago Bulls,127,117
Dallas Mavericks,Utah Jazz,113,97
Denver Nuggets,New York Knicks,113,100
Phoenix Suns,Atlanta Hawks,128,115
Toronto Raptors,Oklahoma City Thunder,103,123
Detroit Pistons,Boston Celtics,102,129
Minnesota Timberwolves,Cleveland Cavaliers,104,91
San Antonio Spurs,Memphis Grizzlies,97,99
Miami Heat,New Orleans Pelicans,88,111
Portland Trail Blazers,LA Clippers,117,125
Golden State Warriors,Indiana Pacers,111,123
Los Angeles Lakers,Philadelphia 76ers,101,94
New York Knicks,Brooklyn Nets,105,93
Orlando Magic,Sacramento Kings,107,109
Atlanta Hawks,Charlotte Hornets,132,91
Washington Wizards,Toronto Raptors,112,109
Chicago Bulls,Boston Celtics,113,124
San Antonio Spurs,Phoenix Suns,106,131
Houston Rockets,Utah Jazz,147,119
Portland Trail Blazers,Denver Nuggets,111,114
Detroit Pistons,New Orleans Pelicans,101,114
LA Clippers,Philadelphia 76ers,107,121
Miami Heat,Cleveland Cavaliers,121,84
Milwaukee Bucks,Oklahoma City Thunder,118,93
Minnesota Timberwolves,Golden State Warriors,114,110
Los Angeles Lakers,Indiana Pacers,150,145
Cleveland Cavaliers,Charlotte Hornets,115,92
Atlanta Hawks,Boston Celtics,120,118
New York Knicks,Detroit Pistons,124,99
Toronto Raptors,Brooklyn Nets,88,96
San Antonio Spurs,Phoenix Suns,104,102
Houston Rockets,Portland Trail Blazers,110,92
Chicago Bulls,Washington Wizards,105,107
Denver Nuggets,Memphis Grizzlies,128,103
Utah Jazz,Dallas Mavericks,105,115
Sacramento Kings,Philadelphia 76ers,108,96
LA Clippers,Indiana Pacers,116,133
Miami Heat,Golden State Warriors,92,113
Milwaukee Bucks,Los Angeles Lakers,124,128
New Orleans Pelicans,Oklahoma City Thunder,112,119
Sacramento Kings,Dallas Mavericks,96,132
Charlotte Hornets,Cleveland Cavaliers,118,111
Washington Wizards,Brooklyn Nets,119,122
Orlando Magic,Golden State Warriors,93,101
Toronto Raptors,New York Knicks,101,145
Atlanta Hawks,Portland Trail Blazers,120,106
Philadelphia 76ers,LA Clippers,107,108
Chicago Bulls,Indiana Pacers,125,99
Minnesota Timberwolves,Detroit Pistons,106,91
Oklahoma City Thunder,Houston Rockets,126,132
Memphis Grizzlies,Los Angeles Lakers,124,136
Utah Jazz,San Antonio Spurs,111,118
Denver Nuggets,Phoenix Suns,97,104
Atlanta Hawks,Boston Celtics,123,122
New Orleans Pelicans,Milwaukee Bucks,107,100
Washington Wizards,Detroit Pistons,87,96
Orlando Magic,LA Clippers,97,100
Indiana Pacers,Los Angeles Lakers,109,90
Charlotte Hornets,Golden State Warriors,97,115
Brooklyn Nets,Chicago Bulls,125,108
Cleveland Cavaliers,Philadelphia 76ers,117,114
Oklahoma City Thunder,Phoenix Suns,128,103
Miami Heat,Portland Trail Blazers,142,82
San Antonio Spurs,New York Knicks,130,126
Denver Nuggets,Minnesota Timberwolves,98,111
Utah Jazz,Houston Rockets,100,101
Sacramento Kings,Dallas Mavericks,103,107
New Orleans Pelicans,Boston Celtics,92,104
Orlando Magic,Memphis Grizzlies,118,88
Atlanta Hawks,Milwaukee Bucks,113,122
Denver Nuggets,Cleveland Cavaliers,130,101
Toronto Raptors,Philadelphia 76ers,120,135
Washington Wizards,Miami Heat,107,119
Charlotte Hornets,LA Clippers,118,130
Brooklyn Nets,Los Angeles Lakers,104,116
San Antonio Spurs,Golden State Warriors,113,117
Houston Rockets,Dallas Mavericks,107,125
Minnesota Timberwolves,Chicago Bulls,101,109
New York Knicks,Oklahoma City Thunder,112,113
Sacramento Kings,Utah Jazz,127,106
Indiana Pacers,Brooklyn Nets,133,111
Charlotte Hornets,Boston Celtics,104,118
Detroit Pistons,Memphis Grizzlies,108,110
Orlando Magic,Portland Trail Blazers,104,103
Chicago Bulls,Atlanta Hawks,101,113
New Orleans Pelicans,Phoenix Suns,111,124
Toronto Raptors,Los Angeles Lakers,111,128
Washington Wizards,Milwaukee Bucks,117,113
Philadelphia 76ers,Oklahoma City Thunder,109,105
Miami Heat,New York Knicks,109,99
Minnesota Timberwolves,Houston Rockets,113,106
Utah Jazz,Cleveland Cavaliers,113,129
Denver Nuggets,San Antonio Spurs,110,105
Golden State Warriors,Dallas Mavericks,104,100
Sacramento Kings,LA Clippers,109,95
Charlotte Hornets,Portland Trail Blazers,86,89
Washington Wizards,Los Angeles Lakers,120,125
Atlanta Hawks,Detroit Pistons,121,113
Boston Celtics,Oklahoma City Thunder,135,100
Brooklyn Nets,Indiana Pacers,115,111
New Orleans Pelicans,Orlando Magic,108,117
Milwaukee Bucks,Memphis Grizzlies,101,111
Minnesota Timberwolves,Toronto Raptors,133,85
Phoenix Suns,Cleveland Cavaliers,122,101
Dallas Mavericks,Atlanta Hawks,109,95
Miami Heat,Philadelphia 76ers,105,109
New York Knicks,Sacramento Kings,120,109
Houston Rockets,Golden State Warriors,110,133
LA Clippers,Denver Nuggets,102,100
Charlotte Hornets,Orlando Magic,124,115
Washington Wizards,Portland Trail Blazers,102,108
Indiana Pacers,Oklahoma City Thunder,126,112
Boston Celtics,Sacramento Kings,101,100
New Orleans Pelicans,San Antonio Spurs,109,111
Memphis Grizzlies,Detroit Pistons,108,90
Houston Rockets,Miami Heat,104,119
Chicago Bulls,New York Knicks,108,100
Milwaukee Bucks,Toronto Raptors,111,117
Dallas Mavericks,Golden State Warriors,108,106
Phoenix Suns,Minnesota Timberwolves,97,87
LA Clippers,Utah Jazz,131,102
Los Angeles Lakers,Cleveland Cavaliers,116,97
Brooklyn Nets,Detroit Pistons,113,103
Memphis Grizzlies,Philadelphia 76ers,96,116
Denver Nuggets,Atlanta Hawks,142,110
LA Clippers,Cleveland Cavaliers,120,118
Dallas Mavericks,Houston Rockets,147,136
Indiana Pacers,Miami Heat,117,115
Charlotte Hornets,Oklahoma City Thunder,118,121
Phoenix Suns,New Orleans Pelicans,105,113
Orlando Magic,Chicago Bulls,113,98
Toronto Raptors,Washington Wizards,130,122
Boston Celtics,Portland Trail Blazers,124,107
Milwaukee Bucks,New York Knicks,109,122
San Antonio Spurs,Philadelphia 76ers,126,133
Brooklyn Nets,Sacramento Kings,77,107
Golden State Warriors,Utah Jazz,118,110
Los Angeles Lakers,Minnesota Timberwolves,117,127
Philadelphia 76ers,Detroit Pistons,120,102
Toronto Raptors,Indiana Pacers,123,140
Charlotte Hornets,Dallas Mavericks,104,130
Milwaukee Bucks,Boston Celtics,104,91
Atlanta Hawks,Miami Heat,111,117
Minnesota Timberwolves,Washington Wizards,130,121
Chicago Bulls,New York Knicks,117,128
Memphis Grizzlies,San Antonio Spurs,87,102
Houston Rockets,Orlando Magic,118,106
Oklahoma City Thunder,Sacramento Kings,112,105
Utah Jazz,Denver Nuggets,95,111
Portland Trail Blazers,New Orleans Pelicans,100,110
Phoenix Suns,LA Clippers,92,105
Los Angeles Lakers,Golden State Warriors,120,134
Cleveland Cavaliers,Memphis Grizzlies,110,98
Atlanta Hawks,Charlotte Hornets,114,115
Miami Heat,Dallas Mavericks,92,111
Brooklyn Nets,Toronto Raptors,106,102
Oklahoma City Thunder,San Antonio Spurs,127,89
Milwaukee Bucks,Orlando Magic,117,99
Denver Nuggets,Minnesota Timberwolves,116,107
LA Clippers,Phoenix Suns,108,124
Detroit Pistons,Chicago Bulls,105,127
Boston Celtics,New York Knicks,109,118
Utah Jazz,Houston Rockets,124,121
Sacramento Kings,New Orleans Pelicans,123,135
Portland Trail Blazers,Golden State Warriors,92,100
Washington Wizards,Chicago Bulls,127,129
Philadelphia 76ers,Orlando Magic,125,113
Boston Celtics,Charlotte Hornets,131,98
Cleveland Cavaliers,Indiana Pacers,129,120
New York Knicks,Brooklyn Nets,111,107
Minnesota Timberwolves,Atlanta Hawks,109,106
San Antonio Spurs,Denver Nuggets,121,120
Oklahoma City Thunder,Milwaukee Bucks,125,107
Miami Heat,Toronto Raptors,125,103
Memphis Grizzlies,Los Angeles Lakers,120,123
Dallas Mavericks,Detroit Pistons,89,107
Portland Trail Blazers,Houston Rockets,107,116
Golden State Warriors,New Orleans Pelicans,109,114
Sacramento Kings,Phoenix Suns,107,108
LA Clippers,Utah Jazz,109,110
Cleveland Cavaliers,Charlotte Hornets,110,120
Philadelphia 76ers,Brooklyn Nets,107,86
Indiana Pacers,Atlanta Hawks,157,115
Boston Celtics,Washington Wizards,132,122
Orlando Magic,Milwaukee Bucks,113,88
Miami Heat,Toronto Raptors,118,103
New York Knicks,Chicago Bulls,120,119
New Orleans Pelicans,Los Angeles Lakers,108,124
Memphis Grizzlies,Denver Nuggets,111,126
Sacramento Kings,Portland Trail Blazers,121,82
Golden State Warriors,Utah Jazz,123,116
San Antonio Spurs,Detroit Pistons,123,95
Minnesota Timberwolves,Phoenix Suns,106,125
Oklahoma City Thunder,Dallas Mavericks,135,86
LA Clippers,Houston Rockets,105,116
New Orleans Pelicans,Los Angeles Lakers,106,110
Sacramento Kings,Golden State Warriors,118,94
Philadelphia 76ers,Miami Heat,105,104
Chicago Bulls,Atlanta Hawks,131,116
Miami Heat,Chicago Bulls,112,91
New Orleans Pelicans,Sacramento Kings,105,98
Cleveland Cavaliers,Orlando Magic,97,83
Minnesota Timberwolves,Phoenix Suns,120,95
New York Knicks,Philadelphia 76ers,111,104
Denver Nuggets,Los Angeles Lakers,114,103
Boston Celtics,Miami Heat,114,94
LA Clippers,Dallas Mavericks,109,97
Milwaukee Bucks,Indiana Pacers,109,94
Oklahoma City Thunder,New Orleans Pelicans,94,92
Cleveland Cavaliers,Orlando Magic,96,86
New York Knicks,Philadelphia 76ers,104,101
Denver Nuggets,Los Angeles Lakers,101,99
Minnesota Timberwolves,Phoenix Suns,105,93
Milwaukee Bucks,Indiana Pacers,108,125
LA Clippers,Dallas Mavericks,93,96
Boston Celtics,Miami Heat,101,111
Oklahoma City Thunder,New Orleans Pelicans,124,92
Orlando Magic,Cleveland Cavaliers,121,83
Philadelphia 76ers,New York Knicks,125,114
Los Angeles Lakers,Denver Nuggets,105,112
Indiana Pacers,Milwaukee Bucks,121,118
Dallas Mavericks,LA Clippers,101,90
Phoenix Suns,Minnesota Timberwolves,109,126
Orlando Magic,Cleveland Cavaliers,112,89
New Orleans Pelicans,Oklahoma City Thunder,85,106
Miami Heat,Boston Celtics,84,104
Los Angeles Lakers,Denver Nuggets,119,108
Philadelphia 76ers,New York Knicks,92,97
Dallas Mavericks,LA Clippers,111,116
Indiana Pacers,Milwaukee Bucks,126,113
Phoenix Suns,Minnesota Timberwolves,116,122
Miami Heat,Boston Celtics,88,102
New Orleans Pelicans,Oklahoma City Thunder,89,97
Denver Nuggets,Los Angeles Lakers,108,106
Minnesota Timberwolves,Phoenix Suns,N/A,N/A
New York Knicks,Philadelphia 76ers,106,112
Cleveland Cavaliers,Orlando Magic,104,103
Milwaukee Bucks,Indiana Pacers,115,92
Boston Celtics,Miami Heat,118,84
Oklahoma City Thunder,New Orleans Pelicans,N/A,N/A
LA Clippers,Dallas Mavericks,93,123
Los Angeles Lakers,Denver Nuggets,N/A,N/A
Phoenix Suns,Minnesota Timberwolves,N/A,N/A
Indiana Pacers,Milwaukee Bucks,120,98
Philadelphia 76ers,New York Knicks,115,118
New Orleans Pelicans,Oklahoma City Thunder,N/A,N/A
Miami Heat,Boston Celtics,N/A,N/A
Orlando Magic,Cleveland Cavaliers,103,96
Dallas Mavericks,LA Clippers,114,101
Denver Nuggets,Los Angeles Lakers,N/A,N/A
Minnesota Timberwolves,Phoenix Suns,N/A,N/A
Milwaukee Bucks,Indiana Pacers,N/A,N/A
Denver Nuggets,Minnesota Timberwolves,99,106
New York Knicks,Philadelphia 76ers,N/A,N/A
Oklahoma City Thunder,New Orleans Pelicans,N/A,N/A
Boston Celtics,Miami Heat,N/A,N/A
Cleveland Cavaliers,Orlando Magic,106,94
LA Clippers,Dallas Mavericks,N/A,N/A
New York Knicks,Indiana Pacers,121,117
Denver Nuggets,Minnesota Timberwolves,80,106
Boston Celtics,Cleveland Cavaliers,120,95
Oklahoma City Thunder,Dallas Mavericks,117,95
New York Knicks,Indiana Pacers,130,121
Boston Celtics,Cleveland Cavaliers,94,118
Oklahoma City Thunder,Dallas Mavericks,110,119
Indiana Pacers,New York Knicks,111,106
Minnesota Timberwolves,Denver Nuggets,90,117
Dallas Mavericks,Oklahoma City Thunder,105,101
Cleveland Cavaliers,Boston Celtics,93,106
Indiana Pacers,New York Knicks,121,89
Minnesota Timberwolves,Denver Nuggets,107,115
Cleveland Cavaliers,Boston Celtics,102,109
Dallas Mavericks,Oklahoma City Thunder,96,100
New York Knicks,Indiana Pacers,121,91
Denver Nuggets,Minnesota Timberwolves,112,97
Boston Celtics,Cleveland Cavaliers,113,98
Oklahoma City Thunder,Dallas Mavericks,92,104
Minnesota Timberwolves,Denver Nuggets,115,70
Indiana Pacers,New York Knicks,116,103
Cleveland Cavaliers,Boston Celtics,N/A,N/A
Dallas Mavericks,Oklahoma City Thunder,117,116
Boston Celtics,Cleveland Cavaliers,N/A,N/A
New York Knicks,Indiana Pacers,109,130
Denver Nuggets,Minnesota Timberwolves,90,98
Oklahoma City Thunder,Dallas Mavericks,N/A,N/A
Boston Celtics,Indiana Pacers,133,128
Minnesota Timberwolves,Dallas Mavericks,105,108
Boston Celtics,Indiana Pacers,126,110
Minnesota Timberwolves,Dallas Mavericks,108,109
Indiana Pacers,Boston Celtics,111,114
Dallas Mavericks,Minnesota Timberwolves,116,107
Indiana Pacers,Boston Celtics,102,105
Dallas Mavericks,Minnesota Timberwolves,100,105
Boston Celtics,Indiana Pacers,N/A,N/A
Minnesota Timberwolves,Dallas Mavericks,103,124
Indiana Pacers,Boston Celtics,N/A,N/A
Dallas Mavericks,Minnesota Timberwolves,N/A,N/A
Boston Celtics,Indiana Pacers,N/A,N/A
Minnesota Timberwolves,Dallas Mavericks,N/A,N/A
Boston Celtics,Dallas Mavericks,107,89
Boston Celtics,Dallas Mavericks,105,98
Dallas Mavericks,Boston Celtics,99,106
Dallas Mavericks,Boston Celtics,122,84
Boston Celtics,Dallas Mavericks,106,88
Dallas Mavericks,Boston Celtics,N/A,N/A
Boston Celtics,Dallas Mavericks,N/A,N/A
Denver Nuggets,Boston Celtics,103,107
Utah Jazz,New Zealand Breakers,116,87
Los Angeles Lakers,Minnesota Timberwolves,107,124
LA Clippers,Golden State Warriors,90,91
Boston Celtics,Denver Nuggets,130,104
Charlotte Hornets,New York Knicks,109,111
Toronto Raptors,Washington Wizards,125,98
Detroit Pistons,Milwaukee Bucks,120,87
Los Angeles Lakers,Phoenix Suns,114,118
New Orleans Pelicans,Orlando Magic,106,104
Philadelphia 76ers,New Zealand Breakers,139,84
San Antonio Spurs,Oklahoma City Thunder,107,112
Dallas Mavericks,Memphis Grizzlies,116,121
Utah Jazz,Houston Rockets,122,113
Cleveland Cavaliers,Chicago Bulls,112,116
Charlotte Hornets,Miami Heat,111,108
Detroit Pistons,Phoenix Suns,97,105
Atlanta Hawks,Indiana Pacers,131,130
LA Clippers,Brooklyn Nets,115,106
New York Knicks,Washington Wizards,117,94
San Antonio Spurs,Orlando Magic,107,97
Oklahoma City Thunder,Houston Rockets,113,122
Sacramento Kings,Golden State Warriors,112,122
Cleveland Cavaliers,Indiana Pacers,117,129
Dallas Mavericks,Utah Jazz,102,107
Memphis Grizzlies,Charlotte Hornets,94,119
Milwaukee Bucks,Los Angeles Lakers,102,107
Oklahoma City Thunder,New Zealand Breakers,117,89
Orlando Magic,New Orleans Pelicans,N/A,N/A
Washington Wizards,Toronto Raptors,113,95
Minnesota Timberwolves,Philadelphia 76ers,121,111
Golden State Warriors,Sacramento Kings,109,106
Phoenix Suns,Detroit Pistons,91,109
LA Clippers,Portland Trail Blazers,101,99
Chicago Bulls,Memphis Grizzlies,121,124
Boston Celtics,Philadelphia 76ers,139,89
San Antonio Spurs,Utah Jazz,126,120
Miami Heat,New Orleans Pelicans,101,99
Sacramento Kings,Portland Trail Blazers,85,105
New York Knicks,Minnesota Timberwolves,115,110
Boston Celtics,Toronto Raptors,115,111
Denver Nuggets,Phoenix Suns,114,118
Golden State Warriors,Detroit Pistons,111,93
Indiana Pacers,Memphis Grizzlies,116,120
Brooklyn Nets,Washington Wizards,131,92
Atlanta Hawks,Philadelphia 76ers,89,104
Milwaukee Bucks,Chicago Bulls,111,107
LA Clippers,Dallas Mavericks,110,96
Toronto Raptors,Boston Celtics,119,118
Miami Heat,San Antonio Spurs,120,117
New York Knicks,Charlotte Hornets,111,105
Houston Rockets,New Orleans Pelicans,118,98
Denver Nuggets,Oklahoma City Thunder,94,124
Utah Jazz,Sacramento Kings,117,114
Los Angeles Lakers,Golden State Warriors,97,111
Philadelphia 76ers,Brooklyn Nets,117,95
Detroit Pistons,Cleveland Cavaliers,108,92
Miami Heat,Atlanta Hawks,120,111
Chicago Bulls,Minnesota Timberwolves,125,123
Portland Trail Blazers,Ulm Ratiopharm,111,100
Indiana Pacers,Charlotte Hornets,121,116
Dallas Mavericks,Milwaukee Bucks,109,84
Oklahoma City Thunder,Atlanta Hawks,104,99
Minnesota Timberwolves,Denver Nuggets,126,132
Houston Rockets,San Antonio Spurs,129,107
Phoenix Suns,Los Angeles Lakers,122,128
LA Clippers,Sacramento Kings,113,91
Washington Wizards,New York Knicks,118,117
Orlando Magic,Philadelphia 76ers,114,99
Brooklyn Nets,Toronto Raptors,112,116
Chicago Bulls,Cleveland Cavaliers,139,137
Memphis Grizzlies,Miami Heat,109,114
Portland Trail Blazers,Utah Jazz,124,86
Golden State Warriors,Los Angeles Lakers,132,74
Boston Celtics,New York Knicks,132,109
Los Angeles Lakers,Minnesota Timberwolves,110,103
Detroit Pistons,Indiana Pacers,109,115
Atlanta Hawks,Brooklyn Nets,120,116
Miami Heat,Orlando Magic,97,116
Philadelphia 76ers,Milwaukee Bucks,109,124
Toronto Raptors,Cleveland Cavaliers,106,136
Houston Rockets,Charlotte Hornets,105,110
New Orleans Pelicans,Chicago Bulls,123,111
Utah Jazz,Memphis Grizzlies,124,126
LA Clippers,Phoenix Suns,113,116
Portland Trail Blazers,Golden State Warriors,104,140
Washington Wizards,Boston Celtics,102,122
Dallas Mavericks,San Antonio Spurs,120,109
Denver Nuggets,Oklahoma City Thunder,N/A,N/A
Sacramento Kings,Minnesota Timberwolves,N/A,N/A
